product_title_ksa,product_title_us,price_ksa_sar,price_us_usd,price_us_in_sar,price_diff_sar,price_diff_percent,match_score
"حافظة حماية من موكو لآيباد الجيل العاشر 10.9 بوصة 2022، بتصميم حافظة وغطاء مصنوعة من جلد PU وبولي كربونات بلون أزرق ستاري سكاي | For iPad 11/10.9 Inch Case 2025/2022, Slim Stand Hard PC Translucent Back Shell Smart Cover,Support Touch ID,Auto Wake/Sleep","MoKo for iPad (A16) 11th Generation Case, iPad 10th Gen Case, Navy Blue | For iPad 11/10.9 Inch Case 2025/2022, Slim Stand Hard PC Translucent Back Shell Smart Cover,Support Touch ID,Auto Wake/Sleep ClimatePartner certified",49.94,9.95,37.31,12.63,33.84,0.69
"حافظة خلفية واقية ورفيعة ومتينة وذكية بتصميم قائم من برو كيس متوافقة مع ايباد الجيل الـ 10 اصدار 2022 مقاس 10.9 انش - لون رمادي | Slim Smart Cover with Translucent Hard Shell Back, Touch ID and Auto Wake/Sleep for iPad A16 11th Gen 2025 and 10th Gen 2022","MoKo for iPad (A16) 11th Generation Case, iPad 10th Gen Case, Navy Blue | For iPad 11/10.9 Inch Case 2025/2022, Slim Stand Hard PC Translucent Back Shell Smart Cover,Support Touch ID,Auto Wake/Sleep ClimatePartner certified",49.99,9.95,37.31,12.68,33.98,0.63
لوحة مفاتيح ماجيك لجهاز ايباد اير 11 بوصة (M3) من ابل - بلغة انجليزية عالمية - لون أبيض​​​​​​,"Apple iPad Air, 2025 with M3 Chip (11-inch, Wi-Fi, 128GB) - Purple (Renewed)",949.0,589.0,2208.75,-1259.75,-57.03,0.46
كومفيابل حافظة تابلت متوافقة مع ايباد اير 11 انش M3 2025 وايباد برو 11 انش M5 2025 وكيبورد ذكي/ماجيك مع حامل قلم - شنطة جلد البولي يوريثين - حافظة رفيعة مقاومة للماء - بني,"Apple iPad Air, 2025 with M3 Chip (11-inch, Wi-Fi, 128GB) - Purple (Renewed)",119.99,589.0,2208.75,-2088.76,-94.57,0.44
حافظة سمارت فوليو لجهاز ايباد اير 11 بوصة (M2) من ابل - رمادي فحمي​​​​​​,"Apple 2024 iPad Air, 11-inch, Wi-Fi, 128GB - Starlight (Renewed)",379.0,459.95,1724.81,-1345.81,-78.03,0.42
حافظة كيبورد عربية قابلة للدوران 360 درجة لايباد 10.2 انش الجيل التاسع 2021/الجيل الثامن 2020/الجيل السابع 2019/اير 3/برو 10.5 انش مع لوحة تحكم باللمس ذكية متعددة اللمس، كيبورد باضاءة خلفية 11 لون,"2019 Apple iPad Air (10.5-inch, WiFi, 256GB) - Gold (Renewed)",179.0,249.0,933.75,-754.75,-80.83,0.4
تابلت اندرويد 15 للاطفال مع حافظة، تابلت 10 انش للاطفال، 8GB RAM 32GB ROM 1TB قابلة للتوسيع بطارية طويلة 6000mAh، شاشة HD IPS، كاميرا مزدوجة، تحكم ابوي، تابلت تعليمي، زهري,Android Tablet 10 Inch Tablet With Case Stylus Android 15 Tablets 8GB RAM 32GB ROM Support 1TB Expansion 6000mah Battery 10.1&quot; IPS HD Touchscreen 2MP+8MP Dual Camera WIFI-6 Bluetooth5.0 Tablets,294.07,59.99,224.96,69.11,30.72,0.39
تابلت اندرويد 15 10 انش 12GB RAM + 64GB ROM/1TB اكسبند، معالج رباعي النواة 1.8GHz، تابلت 2 في 1 مع كيبورد/حافظة/ماوس/قلم رصاص، شاشة IPS HD 1280×800,"Tablet Android 16 10 Inch 12GB RAM+64GB ROM/ 1TB Expandable, 1280 * 800 HD Touch Screen, 5G WiFi6 BT 5.0, 2 in 1 Tab with Keyboard Case Mouse Stylus (Pink)",344.47,62.99,236.21,108.26,45.83,0.39
"حافظة حماية من موكو لآيباد 10.2 بوصة الجيل 7 و 8 و 9، حافظة مصنوعة من بولي كربونات و جلد PU و مايكروفايبر بلون ووتر كلر | Slim Stand Hard Back Shell Smart Cover Case with Translucent Frosted Back ,Auto Wake/Sleep ,Fit iPad 10.2 Inch 2021/2020/2019","MoKo for iPad (A16) 11th Generation Case, iPad 10th Gen Case, Navy Blue | For iPad 11/10.9 Inch Case 2025/2022, Slim Stand Hard PC Translucent Back Shell Smart Cover,Support Touch ID,Auto Wake/Sleep ClimatePartner certified",49.94,9.95,37.31,12.63,33.84,0.38
سبكيس حافظة لجهاز ايباد برو 11 انش M4 2024 الجيل الخامس مع حامل قلم (يونيكورن بيتل برو)، [واقي شاشة مدمج وحامل] غطاء متين لكامل الجسم (اركتيك، ايباد برو 11),"Apple iPad Pro 2024 (11-inch, Wi-Fi, 256GB) - Space Black (Renewed)",130.0,849.0,3183.75,-3053.75,-95.92,0.38
حافظة كيبورد برو ايباد مع حامل مغناطيسي، كيبورد بإضاءة خلفية عربية/انجليزية، أزرار تحكم متعددة الإيماءات، تخزين مغناطيسي لقلم ابل، مفاتيح وسائط متعددة لجهاز ايباد M4 برو 11 بوصة من بلكن,"Apple iPad Pro 2024 (11-inch, Wi-Fi, 256GB) - Space Black (Renewed)",599.0,849.0,3183.75,-2584.75,-81.19,0.38
حافظة سمارت بنمط ملف لجهاز ايباد برو 13 بوصة (M4) من ابل - لون أسود​​​​​​,"Apple iPad Pro 2024 (13-inch, Wi-Fi, 256GB) - Space Black (Renewed)",399.0,989.01,3708.79,-3309.79,-89.24,0.38
ابل كيبورد ماجيك لجهاز ايباد برو 13 بوصة (M4) - انجليزي عالمي - اسود (مجدد),"Apple iPad Pro 2024 (13-inch, Wi-Fi, 256GB) - Space Black (Renewed)",899.0,989.01,3708.79,-2809.79,-75.76,0.38
جيتك شاشة حماية لجهاز ايباد برو 10.5 انش، ايباد اير الجيل الثالث 2019، عبوة | لجهاز ايباد برو 10.5 انش 2017، ايباد اير موديل 2019، HD شفاف، زجاج مقوى مضاد للخدش,"2019 Apple iPad Air (10.5-inch, WiFi, 256GB) - Gold (Renewed)",45.99,249.0,933.75,-887.76,-95.07,0.38
تابلت 2 في 1 من نوفوجوي 10 انش بنظام اندرويد 15 مع كيبورد وماوس وحافظة وقلم ستايلس وذاكرة روم 32GB وذاكرة RAM 8GB وكاميرا مزدوجة 2MP+8MP ومعالج رباعي النواة وبطارية 6000mAh وشاشة FHD مقاس 10.1 انش بلون زهري,"2 in 1 Tablet 10 Inch Android 15 Tableta, Tablets with Keyboard Mouse Case Stylus, 8GB RAM 32GB ROM Supports 1TB Expansion, 2MP+8MP Dual Camera Quad Core Processor 6000mAh Battery 10.1 IN FHD Tab Pink",401.18,64.99,243.71,157.47,64.61,0.37
"هارفوبو حافظة متوافقة مع ايباد اير 11 انش/ 10.9 انش اير الجيل الخامس الرابع مع كيبورد - اضاءة خلفية قابلة للفصل، غطاء كيبورد قابل للطي مع حامل قلم لجهاز ايباد اير 11 انش M4/M3/M2 واير 5/ اير 4 (اخضر) | 7 Colors Backlit, Detachable Keyboard Folio Cover for iPad Air 11-inch M4/M3/M2, Air 5/Air 4 10.9&quot; with Pencil Holder, Green","Harvopu for iPad A16 11th/10th Generation Case with Keyboard, Folio Cover | Multi-Touch Trackpad, 7 Colors Backlit, Detachable Keyboard for iPad A16 11 inch/10th Gen with Pencil Holder, Navy Blue",190.24,25.98,97.42,92.82,95.27,0.37
بروكيس حافظة لجهاز ايباد اير 13 انش M4/M3/M2 (2026/2025/2024) مع حامل قلم | جراب حماية ذكي نحيف لجهاز ايباد 13 اير M4 M3 M2 مع ظهر شفاف يدعم خاصية التعرف باللمس وخاصية التنبيه/النوم التلقائي,"Logitech Combo Touch iPad Air 13 inch M2 M3 &amp; M4 - Midnight Black | Detachable keyboard, kickstand, comfortable typing, multi-use mode, compatible with 2024, 2025 and 2026 iPad Air",59.99,229.99,862.46,-802.47,-93.04,0.37
"تابلت بنظام اندرويد 16 مع جيميناي ايه اي، شاشة FHD 11 بوصة، ذاكرة رام 24GB وذاكرة ROM 128GB / 2TB TF، وحدة معالجة مركزية T7250 + كاميرا 13MP، 8000mAh، وايدفاين L1، تابلت 2 في 1 2026 مع قلم ستايلس | T7250 CPU, 2GHz+5G WiFi, 13MP Camera, 8000mAh, Widevine L1, GPS, Tablet with Keyboard and Mouse, 2 in 1 Tablets with Stylus","Android 15 Tablet 10 Inch, 2026 Tablet with Keyboard, 24GB+256GB+2TB Expand | Tablets PC with Gemini AI, Octa-Core, 8000mAh, 5G WiFi, Widevine L1, GMS, 2 in 1 AI Tablets with Case, Mouse, Stylus(Pink)",789.99,80.18,300.68,489.32,162.74,0.37
تايب كيس حافظة كيبورد تعمل باللمس لجهاز ايباد الجيل 11/10، قابلة للدوران | لوحة تحكم باللمس لجهاز ايباد الجيل 11/10 A16 11 انش/10.9 انش، 11 لون، حامل قلم رصاص، للعمل والسفر والدراسة، ازرق داكن,"Apple iPad, 2025 with A16 Chip (11-inch, Wi-Fi + Cellular, 128GB) - Silver (Renewed)",234.99,449.99,1687.46,-1452.47,-86.07,0.36
واي كيو سافيور تابلت 10 انش مع كيبورد، تابلت 2 في 1، اندرويد 15 | ذاكرة RAM 12GB+64GB ROM + 1TB قابلة للتوسيع مع حافظة، ماوس، شاشة IPS 1280 * 800، كاميرا مزدوجة 2+8 ميجابكسل، واي فاي، بلوتوث,"Tablet Android 16 10 Inch 12GB RAM+64GB ROM/ 1TB Expandable, 1280 * 800 HD Touch Screen, 5G WiFi6 BT 5.0, 2 in 1 Tab with Keyboard Case Mouse Stylus (Pink)",276.16,62.99,236.21,39.95,16.91,0.36
سامسونج تابلت جالكسي تاب A9 واي فاي بنظام اندرويد، ذاكرة RAM 4GB، تخزين 64GB، غرافيت (إصدار المملكة العربية السعودية),"Samsung Galaxy A14 5G, 64GB + 4GB RAM, Black - Unlocked (GSM Only) (Renewed)",825.79,104.44,391.65,434.14,110.85,0.36
"حافظة حماية من موكو لآيباد جيل 11 مقاس 11 إنش 2025 و آيباد جيل 10 مقاس 10.9 إنش 2022، مصنوعة من جلد PU و بولي كربونات بلون فضي | For iPad 10th Generation Case 10.9 Inch 2022, Slim Light Trifold Protective Cover with Hard PC Clear Back Shell, Silver","MoKo for iPad (A16) 11th Generation Case, iPad 10th Gen Case, Navy Blue | For iPad 11/10.9 Inch Case 2025/2022, Slim Stand Hard PC Translucent Back Shell Smart Cover,Support Touch ID,Auto Wake/Sleep ClimatePartner certified",59.98,9.95,37.31,22.67,60.75,0.35
يوجرين حامل تابلت قابل للدوران 360 درجة مناسب للاجهزة مقاس 13 بوصة، لون | حامل جوال وتابلت معدني للمكتب قابل للتعديل والطي متوافق مع ايفون 17 برو ماكس وايباد برو/اير/ميني,"Apple 2024 iPad Air 13-inch, Wi-Fi, 256GB - Purple (Renewed)",60.96,771.4,2892.75,-2831.79,-97.89,0.33
بروكيس حافظة شفافة لجهاز ايباد A16 الجيل الحادي عشر 11 انش/الجيل العاشر | جراب خلفي رفيع وشفاف مضاد للاصفرار لجهاز ايباد A16 الجيل 11 11 انش 2025 والجيل العاشر 10.9 انش 2022,"Apple 2022 iPad Pro 11-inch, Wi-Fi, 256GB, Space Gray (Renewed)",42.99,606.0,2272.5,-2229.51,-98.11,0.33
جيتك شاشة حماية لجهاز ايباد برو 11 انش وايباد اير 5/4 10.9 انش، عبوة من | لجهاز ايباد برو 11 انش (2022-2018) واير 5/4 10.9 انش (2022/2020)، زجاج مقوى بدرجة صلابة 9، شفاف عالي الدقة، مضاد للخدش، أداة,"Apple 2022 iPad Air (10.9-inch, Wi-Fi, 64GB) - Starlight (Renewed)",63.99,314.19,1178.21,-1114.22,-94.57,0.33
بروكيس حافظة للاطفال لجهاز ايباد الجيل 11/10، حامل قلم، اكوا | غطاء خفيف الوزن مضاد للصدمات مع حامل مقبض قابل للتحويل للأطفال والأطفال الصغار,Apple iPad Pro 2 10.5 512GB WiFi MPGH2LL/A Space Gray A1701 (Renewed),69.99,289.0,1083.75,-1013.76,-93.54,0.33
بروكيس حافظة لجهاز ايباد A16 الجيل 11 11 انش 2025/الجيل العاشر 10.9 انش | حافظة حماية كاملة للكاميرا مع ظهر ناعم من البولي يوريثين الحراري وحامل قلم لجهاز ايباد A16 الجيل الحادي عشر 2025 والجيل,"Apple iPad, 2025 with A16 Chip (11-inch, Wi-Fi + Cellular, 128GB) - Silver (Renewed)",49.99,449.99,1687.46,-1637.47,-97.04,0.33
جيتك حافظة للأطفال لجهاز ايباد برو 11 انش وايباد اير 5/4 10.9 انش، ازرق | لجهاز ايباد برو 11 انش (2022-2018) واير 5/4 10.9 انش (2022/2020)، واقي شاشة مدمج، حامل مقبض، مضاد للصدمات، صديق للأطفال,"Apple 2022 iPad Air (10.9-inch, Wi-Fi, 64GB) - Starlight (Renewed)",76.99,314.19,1178.21,-1101.22,-93.47,0.33
تابلت سامسونج SM X130NZAAEUE جالكسي تاب A11 رمادي,"Samsung Galaxy A11, 32GB - Unlocked (Renewed)",688.92,74.44,279.15,409.77,146.79,0.33
تابلت 2 في 1 10 انش بنظام اندرويد 15 مع حافظة كيبورد وماوس وقلم ستايلس 8GB+32GB تابلت بشاشة لمس HD 10.1 انش وكاميرا مزدوجة 2MP+8MP وبطارية 6000mAh وواي فاي 6 وبلوتوث ازرق,Android Tablet 10 Inch Tablet With Case Stylus Android 15 Tablets 8GB RAM 32GB ROM Support 1TB Expansion 6000mah Battery 10.1&quot; IPS HD Touchscreen 2MP+8MP Dual Camera WIFI-6 Bluetooth5.0 Tablets,334.16,59.99,224.96,109.2,48.54,0.33
جيتك حافظة لجهاز ايباد برو 11 انش 4/3/2/1 (2022/2021/2020/2018)، فضي | تصميم خلفي شفاف نحيف، حامل ثلاثي الطيات، خاصية التنبيه/النوم التلقائي، غطاء خفيف الوزن مضاد للصدمات,"Apple 2022 iPad Pro 11-inch, Wi-Fi, 256GB, Space Gray (Renewed)",53.99,606.0,2272.5,-2218.51,-97.62,0.33
حافظة حماية قابلة للطي لجهاز ايباد (A16) الجيل 11/10 من جي تيك، ازرق | لطراز 2025/2022، غطاء حامل متعدد الزوايا، حامل أقلام، غطاء واقي رفيع، خاصية التنبيه/النوم التلقائي,"Apple iPad, 2025 with A16 Chip (11-inch, Wi-Fi + Cellular, 128GB) - Silver (Renewed)",62.99,449.99,1687.46,-1624.47,-96.27,0.33
تابلت اندرويد 15/10 بوصة/ 20GB RAM 128GB ROM/قابل للتوسيع حتى 2TB/رباعي النواة 2.0GHz/شاشة HD 1280×800 5G/WiFi6/بلوتوث 5.0/تابلت 2 في 1 بحافظة كيبورد/ماوس/قلم إلكتروني من كوبيسي/وايدفاين ال 1/برتقالي,"Tablet Android 16 10 Inch 12GB RAM+64GB ROM/ 1TB Expandable, 1280 * 800 HD Touch Screen, 5G WiFi6 BT 5.0, 2 in 1 Tab with Keyboard Case Mouse Stylus (Pink)",375.15,62.99,236.21,138.94,58.82,0.32
تابلت اندرويد 15 مقاس 10 انش بذاكرة RAM 8GB وذاكرة تخزين 32GB وشاشة HD IPS مقاس 10.1 انش وواي فاي 5G وبطارية 6000mAh وكاميرا مزدوجة لمكالمات الفيديو مع حافظة وقلم ستايلس للعمل والدراسة,Android Tablet 10 Inch Tablet With Case Stylus Android 15 Tablets 8GB RAM 32GB ROM Support 1TB Expansion 6000mah Battery 10.1&quot; IPS HD Touchscreen 2MP+8MP Dual Camera WIFI-6 Bluetooth5.0 Tablets,301.48,59.99,224.96,76.52,34.01,0.32
تابلت 10.1 انش اندرويد 15 من ويوهو، ذاكرة RAM 8GB، تخزين 32GB، شاشة HD IPS، واي فاي 5G، بطارية 6000mAh، كاميرا مزدوجة لمكالمات الفيديو، تاب مع حافظة وقلم ستايلس للعمل والدراسة (ازرق),Android Tablet 10 Inch Tablet With Case Stylus Android 15 Tablets 8GB RAM 32GB ROM Support 1TB Expansion 6000mah Battery 10.1&quot; IPS HD Touchscreen 2MP+8MP Dual Camera WIFI-6 Bluetooth5.0 Tablets,314.48,59.99,224.96,89.52,39.79,0.32
"تابلت تابوي T80 اندرويد 15 مع كيبورد - 18GB RAM + 128GB ROM (2TB TF)، تابلت 10 انش، 6000mAh، 5MP + 2MP، جيميني AI، واي فاي 5G، جي بي اس، التعرف على الوجه | 6000mAh Battery, 5MP Camera, Gemini AI, 5G WiFi, GPS, Face ID, Tablet with Keyboard, Mouse, Case &amp; Stylus","2 in 1 Tablet 10 Inch Android 15 Tableta, Tablets with Keyboard Mouse Case Stylus, 8GB RAM 32GB ROM Supports 1TB Expansion, 2MP+8MP Dual Camera Quad Core Processor 6000mAh Battery 10.1 IN FHD Tab Pink",729.99,64.99,243.71,486.28,199.53,0.32
موفت حافظة ديناميكية فوليو لجهاز ايباد اير 11 انش (M3 2025 / M2 2024) وايباد اير 10.9 انش الجيل الخامس والرابع 2022 2020، حافظة بحامل مغناطيسي رفيع مع اكثر من 20 زاوية عرض، بانا كوتا × جينز باهت,"Apple iPad Air, 2025 with M3 Chip (11-inch, Wi-Fi, 128GB) - Purple (Renewed)",189.99,589.0,2208.75,-2018.76,-91.4,0.32
تابلت 2026 احدث تابلت اندرويد 16 مع كيبورد وماوس، تابلت 10 انش، ذاكرة RAM 24GB وروم 256GB (توسيع 2TB)، العاب ثماني النواة، واي فاي 5G، وايدفاين L1 FHD، GPS، حزمة لابتوب 2 في 1 للعمل والمدرسة,"10 inch Tablet with Keyboard - Android 16 Tablet with 24GB+256GB+2TB Expand | 2026 Gemini AI Tablet PC with 8-Core, 5G WiFi, 8000mAh, GMS, GPS, 2-in-1 Electronic Tablet with Case, Mouse, Stylus (Black)",657.62,129.99,487.46,170.16,34.91,0.31
سامسونج جوال جالكسي M17 5G (فضي مونلايت، ذاكرة RAM 6GB، تخزين 128GB) | دائرة للبحث | جيميني لايف | كاميرا ثلاثية 50MP OIS | تصنيف IP54 | زجاج غوريلا فيكتوس | ذكاء اصطناعي | 6 جيل من ترقيات نظام التشغيل | بدون شاحن,"Samsung Galaxy S25 5G, 128GB + 12GB RAM, Silver Shadow - Unlocked (Renewed)",878.24,431.89,1619.59,-741.35,-45.77,0.31
ايه بيوتي حافظة لجهاز ايباد اير 11 انش M4/M3/M2، ايباد اير 5/4 10.9 انش | غطاء رفيع على شكل حرف Y مع غلاف خلفي شفاف، حامل قلم، خاصية السكون التلقائي,"Apple iPad Air, 2025 with M3 Chip (11-inch, Wi-Fi, 128GB) - Purple (Renewed)",49.99,589.0,2208.75,-2158.76,-97.74,0.31
تابلت 10 انش 2 في 1 اندرويد 15 مع كيبورد، تابلت 10 انش يتضمن ماوس وكيبورد ستايلس، 6000mAh 8GB RAM 32GB ROM يدعم 1TB قابل للتوسيع كاميرا مزدوجة 5G واي فاي 6 بلوتوث,"2 in 1 Tablet 10 Inch Android 15 Tableta, Tablets with Keyboard Mouse Case Stylus, 8GB RAM 32GB ROM Supports 1TB Expansion, 2MP+8MP Dual Camera Quad Core Processor 6000mAh Battery 10.1 IN FHD Tab Pink",308.61,64.99,243.71,64.9,26.63,0.31
حافظة لجهاز ايباد من الجيل الـ10 مع حامل اقلام من برو كيس، حافظة ايباد 2022 10.9 انش، غطاء حماية خلفي شفاف ثلاثي الطي، غطاء مضاد للصدمات لايباد 2022 الجيل الـ10 A2696 A2757 A2777 -كحلي | Hybrid Clear Back Soft TPU Case Cover with Pencil Holder and Auto Wake/Sleep for iPad A16 11th Gen 2025 and 10th Gen 2022,"MoKo for iPad (A16) 11th Generation Case, iPad 10th Gen Case, Navy Blue | For iPad 11/10.9 Inch Case 2025/2022, Slim Stand Hard PC Translucent Back Shell Smart Cover,Support Touch ID,Auto Wake/Sleep ClimatePartner certified",56.99,9.95,37.31,19.68,52.74,0.31
"جيتك حافظة دوارة لجهاز ايباد (A16) الجيل 11/10 (2025/2022) مع حامل قلم، غطاء حامل واقي دوار 360 درجة بظهر شفاف، خاصية التنبيه/السكون التلقائي (بينك) | Cover for 2025/2022 Model, Multi-Angle Stand, Clear Back, Auto Wake/Sleep, Pencil Holder, Full Protection","MoKo for iPad (A16) 11th Generation Case, iPad 10th Gen Case, Navy Blue | For iPad 11/10.9 Inch Case 2025/2022, Slim Stand Hard PC Translucent Back Shell Smart Cover,Support Touch ID,Auto Wake/Sleep ClimatePartner certified",64.99,9.95,37.31,27.68,74.18,0.3
جيتك شاشة حماية الخصوصية لجهاز ايباد اير 33 سم M4/M3/M2، عبوة واحدة | لطراز 2026/2025/2024، حماية الخصوصية ضد التجسس، زجاج مقسى، أداة سهلة التركيب، تصميم مضاد للخدش,"Logitech Combo Touch iPad Air 13 inch M2 M3 &amp; M4 - Midnight Black | Detachable keyboard, kickstand, comfortable typing, multi-use mode, compatible with 2024, 2025 and 2026 iPad Air",73.99,229.99,862.46,-788.47,-91.42,0.3
جيتك حافظة لجهاز ايباد الجيل التاسع/الثامن/السابع 10.2 بوصة، اسود | حماية ناعمة من البولي يوريثين الحراري، حامل أقلام، حامل ثلاثي الطيات، غطاء خفيف الوزن مضاد للصدمات، خاصية الاستيقاظ/النوم,"Apple iPad, 10.2-Inch, Wi-Fi, 32GB, Space Gray (Renewed)",57.59,99.0,371.25,-313.66,-84.49,0.3
جيتك حافظة لامعة لجهاز ايباد اير 11 بوصة M4/M3/M2 وايباد اير 5/4، لون ذهبي | غطاء لجهاز ايباد اير 11 انش (2026-2024) واير 5/4 10.9 انش (2022/2020)، تصميم لامع، حامل أقلام، ظهر شفاف، صديق للأطفال,"Apple iPad Air 2026 with Apple M4 Chip (11-inch, Wi-Fi, 128GB) - Space Gray (Renewed)",63.99,619.0,2321.25,-2257.26,-97.24,0.3
تابلت سامسونج جالكسي تاب A11 واي فاي بنظام اندرويد وذاكرة رام 4 جيجابايت وتخزين 64 جيجابايت، شاشة 8.7 بوصة، رمادي، إصدار المملكة العربية السعودية,"Samsung Galaxy A11, 32GB - Unlocked (Renewed)",461.0,74.44,279.15,181.85,65.14,0.3
تابلت اتوزي 10 انش بنظام اندرويد 14 وذاكرة RAM 8GB وروم 64GB وسعة 1024GB وكاميرا 2MP+ 8MP وبلوتوث وواي فاي 6 وشاشة IPS 10.1 انش HD وبطارية تدوم طويلا 6000mAh,Android Tablet 10 Inch Tablet With Case Stylus Android 15 Tablets 8GB RAM 32GB ROM Support 1TB Expansion 6000mah Battery 10.1&quot; IPS HD Touchscreen 2MP+8MP Dual Camera WIFI-6 Bluetooth5.0 Tablets,297.34,59.99,224.96,72.38,32.17,0.3
ايه بيوتي حافظة لجهاز ايباد الجيل التاسع/الثامن/السابع 10.2 بوصة - بينك | مع حامل قلم، غطاء حامل دوار خلفي شفاف، خاصية التنبيه/السكون التلقائي,"Apple iPad, 10.2-Inch, Wi-Fi, 32GB, Space Gray (Renewed)",59.99,99.0,371.25,-311.26,-83.84,0.3
تابلت 2 في 1 بنظام تشغيل اندرويد، تابلت 10 انش مع كيبورد وماوس وحافظة واقية وقلم ستايلس 10.1 انش 8GB+32GB يدعم توسيع 1TB وكاميرا مزدوجة 2MP+8MP وبطارية 6000mAh وبلوتوث وواي فاي 6 اندرويد,"2 in 1 Tablet 10 Inch Android 15 Tableta, Tablets with Keyboard Mouse Case Stylus, 8GB RAM 32GB ROM Supports 1TB Expansion, 2MP+8MP Dual Camera Quad Core Processor 6000mAh Battery 10.1 IN FHD Tab Pink",325.14,64.99,243.71,81.43,33.41,0.3
تابلت تابوي 10 انش اندرويد 16 مع كيبورد، 24GB RAM (8+16GB تمديد) روم 256GB (توسيع 2TB TF)، ثماني النواة 2 في 1، واي فاي 5G، 5000mAh، GPS، جيميني AI، رمادي,"10 inch Tablet with Keyboard - Android 16 Tablet with 24GB+256GB+2TB Expand | 2026 Gemini AI Tablet PC with 8-Core, 5G WiFi, 8000mAh, GMS, GPS, 2-in-1 Electronic Tablet with Case, Mouse, Stylus (Black)",699.99,129.99,487.46,212.53,43.6,0.3
تابلت سامسونج جالكسي تاب A11 بشبكة ال تي اي ونظام تشغيل اندرويد بذاكرة رام 4 جيجابايت وذاكرة تخزين 64 جيجابايت مع شاشة 8.7 بوصة، لون فضي (إصدار المملكة العربية السعودية),"Samsung Galaxy A11, 32GB - Unlocked (Renewed)",519.0,74.44,279.15,239.85,85.92,0.3
تابلت سامسونج جالكسي تاب A11، واي فاي، اندرويد، رمادي، ذاكرة رام 8 جيجابايت، وتخزين 128 جيجابايت، شاشة 8.7 بوصة (إصدار المملكة العربية السعودية),"Samsung Galaxy A11, 32GB - Unlocked (Renewed)",669.0,74.44,279.15,389.85,139.66,0.3
جهاز تابلت سامسونج جالكسي تاب A11، يدعم شبكة ال تي اي، يعمل بنظام اندرويد، رام 4 جيجابايت، سعة تخزين 64 جيجابايت، شاشة مقاس 8.7 بوصة، لون رمادي (إصدار المملكة العربية السعودية),"Samsung Galaxy A11, 32GB - Unlocked (Renewed)",554.0,74.44,279.15,274.85,98.46,0.3
رؤوس بديلة متوافقة مع قلم ابل ايباد برو الجيل الثاني، قلم ايباد 1 الجيل الثاني، ابيض، عبوة من 4 قطع,"Apple 2022 iPad Pro, 12.9-inch, 128GB - Space Gray (Renewed)",4.32,609.95,2287.31,-2282.99,-99.81,0.3
جيتك حافظة لجهاز ايباد الجيل السادس/الخامس 9.7 انش (2018/2017)، كحلي داكن | تصميم خلفي شفاف نحيف، حامل ثلاثي الطيات، خاصية التنبيه/النوم التلقائي، غطاء خفيف الوزن مضاد للصدمات,"Apple 2017 iPad 9.7-inch, WiFi + Cellular, 32GB - Silver (Renewed)",47.99,86.99,326.21,-278.22,-85.29,0.3
جيتك حافظة لجهاز ايباد اير 11 انش M4/M3/M2 وايباد اير 5/4 10.9 انش | غطاء لجهاز ايباد اير 11 انش (2026-2024) واير 5/4 10.9 انش (2022/2020)، ظهر شفاف، حامل ثلاثي الطيات، خاصية التنبيه/السكون,"Apple iPad Air 2026 with Apple M4 Chip (11-inch, Wi-Fi, 128GB) - Space Gray (Renewed)",54.99,619.0,2321.25,-2266.26,-97.63,0.3
قلم ستايلس لجهاز ايباد مع مغناطيس عالي الحساسية وقابل لاعادة الشحن من يوجرين,Apple Renewed iPad Air 2 - 128GB - Space Grey (Renewed),139.0,118.0,442.5,-303.5,-68.59,0.29
تلفزيون عالي الدقة مقاس 32 بوصة H5000F مزود بمحتويات مجانية من سامسونج TV بلس ومؤمن بواسطة نوكس ويدعم HDR واو تي اس لايت طراز UA32H5000FUXSA من سامسونج (نسخة المملكة العربية السعودية),"Samsung 32-Inch Class HD H5000F Smart TV (2025 Model) HDR, Object Tracking Sound Lite, Knox Security, One UI Tizen",729.0,97.96,367.35,361.65,98.45,0.29
جيتك حافظة حماية دوارة 360 درجة لجهاز ايباد اير 33 سم M4/M3/M2، زهري رملي | غطاء لموديل 2026/2025/2024، حامل متعدد الزوايا، تصميم خلفي شفاف، خاصية التنبيه/السكون التلقائي، حامل قلم، حماية كاملة,"Logitech Combo Touch iPad Air 13 inch M2 M3 &amp; M4 - Midnight Black | Detachable keyboard, kickstand, comfortable typing, multi-use mode, compatible with 2024, 2025 and 2026 iPad Air",81.99,229.99,862.46,-780.47,-90.49,0.29
جيتك شاشة حماية لجهاز ايباد برو 11 انش وايباد اير 5/4 10.9 انش، عبوة من | لجهاز ايباد اير 5/4 10.9 انش (2022/2020) وبرو 11 انش (2022/2021/2020/2018)، زجاج مقوى شفاف HD مضاد للخدش,"Apple 2022 iPad Air (10.9-inch, Wi-Fi, 64GB) - Starlight (Renewed)",56.99,314.19,1178.21,-1121.22,-95.16,0.29
ايبروكو واقي شاشة مغناطيسي ورقي متوافق مع ايباد اير 5 (2022) وايباد اير الجيل الرابع (2020) 10.9 انش وايباد برو 11 (2022، 2021، 2020، 2018)، غشاء ورقي من البولي ايثيلين تيرفثالات للكتابة والرسم,"Apple 2022 iPad Air (10.9-inch, Wi-Fi, 64GB) - Starlight (Renewed)",40.0,314.19,1178.21,-1138.21,-96.61,0.29
ايه بيوتي حافظة لجهاز ايباد اير 11 بوصة M4/M3/M2، ايباد اير 5/4 10.9 بوصة | غطاء خلفي شفاف رفيع على شكل حرف Y لجهاز ايباد برو 11 انش الجيل الرابع/الثالث/الثاني/الأول، حامل قلم، خاصية السكون التلقائي,"Apple iPad Air, 2025 with M3 Chip (11-inch, Wi-Fi, 128GB) - Purple (Renewed)",39.99,589.0,2208.75,-2168.76,-98.19,0.29
جراب دوار 360 درجة من جيتك لجهاز ايباد اير 11 بوصة M4/M3/M2 وايباد اير 5/4 | غطاء لجهاز ايباد اير 11 بوصة (2026-2024) واير 5/4 10.9 بوصة (2022/2020)، حامل متعدد الزوايا، ظهر شفاف، حامل قلم,"Apple iPad Air 2026 with Apple M4 Chip (11-inch, Wi-Fi, 128GB) - Space Gray (Renewed)",70.99,619.0,2321.25,-2250.26,-96.94,0.29
تابلت سامسونج جالكسي تاب A11+، واي فاي، اندرويد، فضي، 6 جيجابايت RAM، تخزين 128 جيجابايت، شاشة 11 بوصة (إصدار المملكة العربية السعودية),"Samsung Galaxy A17 5G A176 Dual Sim 4GB RAM 128GB - Black - 128, W129189135 (4GB RAM 128GB - Black - 128 GB)",699.0,204.5,766.88,-67.88,-8.85,0.28
تابلت باد X9a واي فاي شاشة 11.5 بوصة 120Hz ذاكرة رام 8GB + تخزين 128GB اندرويد 15 سناب دراجون 685 بطارية 8300mAh شحن سريع 35 واط يدعم قلم ستايلس موديل 2025 + غطاء حماية قابل للطي مجاني من هونر، رمادي,"Apple 2025 iPad 11-inch (Wi-Fi, 128GB) - Silver (Renewed)",999.0,385.25,1444.69,-445.69,-30.85,0.28
"جيتك غطاء حماية لجهاز ايباد برو 12.9 انش الجيل السادس/الخامس (2022/2021)، كحلي | Slim Translucent Back Design, Tri-Fold Stand, Auto Wake/Sleep, Lightweight Shockproof Cover","MoKo for iPad (A16) 11th Generation Case, iPad 10th Gen Case, Navy Blue | For iPad 11/10.9 Inch Case 2025/2022, Slim Stand Hard PC Translucent Back Shell Smart Cover,Support Touch ID,Auto Wake/Sleep ClimatePartner certified",62.99,9.95,37.31,25.68,68.82,0.28
تابلت باد X9a واي فاي شاشة 11.5 بوصة 120Hz ذاكرة رام 8GB + تخزين 128GB اندرويد 15 سناب دراجون 685 بطارية 8300mAh شحن سريع 35 واط يدعم قلم ستايلس موديل 2025 + غطاء حماية قابل للطي مجاني من هونر، رمادي,"Apple 2025 iPad 11-inch (Wi-Fi, 128GB) - Silver (Renewed)",939.0,385.25,1444.69,-505.69,-35.0,0.28
ESR قلم ايباد جيو ديجيتال لجهاز ايباد 2018-2026، فايند ماي، اختصارات سهلة | يعمل مع ابل فايند مي، لايباد (A16) 11/10/9/8 الجيل واير 13/11 وبرو 12.9/13/11 وميني 7/6/5، أبيض (بدون شحن لاسلكي),"Apple iPad Pro (12.9-inch, Wi-Fi, 64GB) - Silver (2018) (Renewed)",144.49,309.95,1162.31,-1017.82,-87.57,0.28
تابلت اندرويد 10 انش مع حافظة، ذاكرة RAM 6GB + روم 64GB، تابلت قابل للتوسيع 1TB، معالج رباعي النواة 1.8Ghz، شاشة لمس 1280×800 IPS، كاميرا 8MP، بطارية 6000mAH، 2.4G/5G واي فاي 6 بلوتوث 5.0,"Tablet Android 16 10 Inch 12GB RAM+64GB ROM/ 1TB Expandable, 1280 * 800 HD Touch Screen, 5G WiFi6 BT 5.0, 2 in 1 Tab with Keyboard Case Mouse Stylus (Pink)",279.44,62.99,236.21,43.23,18.3,0.28
"حافظة من جي تك لايباد 10.2 انش (موديل 2020/2021/2019 الجيل 9/8/7)، بغطاء لتنشيط/سكون تلقائي (كحلي)، بولي يوريثين وبولي كربونات | Slim Translucent Back Design, Tri-Fold Stand, Auto Wake/Sleep, Lightweight Shockproof Cover","MoKo for iPad (A16) 11th Generation Case, iPad 10th Gen Case, Navy Blue | For iPad 11/10.9 Inch Case 2025/2022, Slim Stand Hard PC Translucent Back Shell Smart Cover,Support Touch ID,Auto Wake/Sleep ClimatePartner certified",53.99,9.95,37.31,16.68,44.7,0.28
جوال سامسونج جالكسي A17 ال تي اي، ثنائي شرائح اتصال، سعة 128 جيجا توسع حتى 2 تيرا، اندرويد 14 وذاكرة رام 4 جيجابايت، معالج اكسينوس وشاشة اموليد 6.7 بوصة بدقة 1080x2220، معدل تحديث 90 هرتز، لون أسود,"Samsung Galaxy A17 5G A176 Dual Sim 4GB RAM 128GB - Black - 128, W129189135 (4GB RAM 128GB - Black - 128 GB)",618.0,204.5,766.88,-148.88,-19.41,0.28
تابلت اندرويد 15 10 بوصة 2 في 1 بحافظة لوحة مفاتيح وماوس ستايلس وRAM 10 جيجا وذاكرة روم 64 جيجا قابلة للتوسيع 1TB ومعالج رباعي النواة 5G WiFi6 وبلوتوث 5.0 و6000mAh وشاشة IPS 1280×800 وايدفاين L1،زهري,"Tablet Android 16 10 Inch 12GB RAM+64GB ROM/ 1TB Expandable, 1280 * 800 HD Touch Screen, 5G WiFi6 BT 5.0, 2 in 1 Tab with Keyboard Case Mouse Stylus (Pink)",355.17,62.99,236.21,118.96,50.36,0.28
زد زد بي تابلت اندرويد مقاس 10 انش بذاكرة روم 32GB وسعة 512GB وبطارية 6000mAh ومعالج رباعي النواة وذاكرة RAM 2GB وكاميرا 8MP وواي فاي وشاشة لمس IPS HD مقاس 10.1 انش,Android Tablet 10 Inch Tablet With Case Stylus Android 15 Tablets 8GB RAM 32GB ROM Support 1TB Expansion 6000mah Battery 10.1&quot; IPS HD Touchscreen 2MP+8MP Dual Camera WIFI-6 Bluetooth5.0 Tablets,272.92,59.99,224.96,47.96,21.32,0.28
تابلت هوتابلت 7 انش اندرويد 14.0 مع حافظة واقية، ذاكرة RAM 8GB (4+4GB موسعة) + ذاكرة روم 32GB، شاشة IPS، كاميرا مزدوجة، بلوتوث 5.0 واي فاي تاب (اسود),"HOTTABLET Tablet 7Inch Android 14.0 with Protective Case, 8GB(3+5GB Expand) RAM+ 32GB ROM, IPS Screen, Dual Camera, Bluetooth 5.0 WiFi Tab (Black)",219.25,40.99,153.71,65.54,42.64,0.27
هواوي تابلت ميت باد اس اي 11 انش، ذاكرة RAM 4GB، تخزين 128GB، تصميم معدني واحد، شاشة فل فيو مريحة للعين 11 انش، بطارية 7700mAh، زاوية للاطفال، واي فاي، بلوتوث، رمادي نيبولا,"HP 14 Laptop, Intel N150, 4GB DDR5 RAM, 128GB SSD, Windows 11",649.99,299.99,1124.96,-474.97,-42.22,0.27
ديجيروت قلم فائق الهدوء لجهاز ابل ايباد 2018-2026 مع خاصية رفض راحة اليد | قلم ستايلس لجهاز ايباد a16 متوافق مع ايباد الجيل السادس والحادي عشر، برو 12.9/11/13/M4/M5، اير 3/4/5/M2/M3، ميني الجيل 5-7,"Apple iPad Air 2026 with Apple M4 Chip (11-inch, Wi-Fi, 128GB) - Space Gray (Renewed)",79.99,619.0,2321.25,-2241.26,-96.55,0.27
حافظة كيبورد(عربي/انجليزي) مع ماوس لايباد | الجيل السابع(2019)/الثامن(2020)/التاسع(2021) 10.2انش، و اير الجيل الثالث، و برو 10.5انش. بلوتوث. بينك,"2019 Apple iPad Air (10.5-inch, WiFi, 256GB) - Gold (Renewed)",158.0,249.0,933.75,-775.75,-83.08,0.27
لابتوب محمول 15.6 انش ويندوز 11 برو وذاكرة RAM 16GB وSSD 256GB وشاشة FHD 1080P ومعالج 3855U وكيبورد باضاءة خلفية وقارئ بصمات اصابع وUSB 3.0 وبطارية 5000mAh للعمل والمدرسة,"2026 Window 11 Pro Traditional Laptop Computer, 16GB RAM 256GB SSD for Business Student School College, 15.6&quot; FHD IPS Display, Lightweight Portable, 4H Battery, 3.5 lbs",997.99,349.99,1312.46,-314.47,-23.96,0.27
جيتك حافظة لجهاز ايباد (A16) الجيل 11/10، ازرق | غطاء لموديل 2025/2022، ظهر شفاف شفاف، حامل أقلام، نحيف مضاد للصدمات، حامل ثلاثي الطيات، خاصية الاستيقاظ/النوم التلقائي,"Apple iPad, 2025 with A16 Chip (11-inch, Wi-Fi + Cellular, 128GB) - Silver (Renewed)",68.99,449.99,1687.46,-1618.47,-95.91,0.27
جيتك حافظة حماية للاطفال لجهاز ايباد (A16) الجيل 11/10، اسود | لطراز 2025/2022، واقي شاشة مدمج، حامل مقبض، مضاد للصدمات، صديق للأطفال,"Apple iPad, 2025 with A16 Chip (11-inch, Wi-Fi + Cellular, 128GB) - Silver (Renewed)",77.99,449.99,1687.46,-1609.47,-95.38,0.27
"جيتك حافظة مغناطيسية لجهاز ايباد برو 11 انش (موديل 2022/2021/2020/2018)، وايباد اير 5/4 (10.9 انش 2022/2020)، تدعم شحن القلم الجيل الثاني، مرفق مغناطيسي (بينك) | For iPad Air 5/4 10.9&quot; (2022/2020) &amp; Pro 11&quot; (2022/2021/2020/2018), Slim Smart Cover, Auto Wake/Sleep, Lightweight Protection","MoKo for iPad (A16) 11th Generation Case, iPad 10th Gen Case, Navy Blue | For iPad 11/10.9 Inch Case 2025/2022, Slim Stand Hard PC Translucent Back Shell Smart Cover,Support Touch ID,Auto Wake/Sleep ClimatePartner certified",77.99,9.95,37.31,40.68,109.02,0.27
جيتك حافظة متينة لجهاز ايباد (A16) الجيل 11/10، اسود | لطراز 2025/2022، واقي شاشة مدمج، حامل حزام يد دوار، حماية شديدة التحمل ضد الصدمات,"Apple iPad, 2025 with A16 Chip (11-inch, Wi-Fi + Cellular, 128GB) - Silver (Renewed)",78.99,449.99,1687.46,-1608.47,-95.32,0.27
ايه بيوتي حافظة لجهاز ايباد اير 13 بوصة M4/M3/M2، ايباد برو 12.9 بوصة | غطاء رفيع على شكل حرف Y مع غلاف خلفي شفاف، حامل قلم، خاصية السكون التلقائي,"Apple 2022 iPad Pro, 12.9-inch, 128GB - Space Gray (Renewed)",69.99,609.95,2287.31,-2217.32,-96.94,0.27
تابلت سامسونج جالكسي تاب A11، واي فاي، اندرويد، ذاكرة رام 8 جيجابايت، وتخزين 128 جيجابايت، شاشة 11 بوصة (إصدار المملكة العربية السعودية)، رمادي,"Samsung Galaxy A11, 32GB - Unlocked (Renewed)",699.0,74.44,279.15,419.85,150.4,0.27
جيتك حافظة حماية دوارة 360 درجة لجهاز ايباد ميني A17 برو/الجيل السادس (2024 | غطاء حامل متعدد الزوايا، تصميم خلفي شفاف، خاصية التنبيه/النوم التلقائي، حامل قلم، حماية كاملة,"2024 Apple iPad Mini with A17 Pro Chip (8.3-inch, Wi-Fi + Cellular, 128GB) - Blue (Renewed)",69.99,588.65,2207.44,-2137.45,-96.83,0.27
جيتك حافظة جليتر لجهاز ايباد (A16) الجيل 11/10، بينك | غطاء لموديل 2025/2022، تصميم لامع لامع، حامل أقلام، ظهر شفاف رفيع، مناسب للأطفال والبنات,"Apple iPad, 2025 with A16 Chip (11-inch, Wi-Fi + Cellular, 128GB) - Silver (Renewed)",58.99,449.99,1687.46,-1628.47,-96.5,0.27
جوال توكسيل رخيص، 5.0 انش، اندرويد 9.0، كاميرا مزدوجة الشريحة، رباعي النواة، روم 16GB 【قابل للتوسيع حتى 128GB】يدعم واي فاي/بلوتوث/اف ام، جوال مفتوح الوجه (ازرق),"Apple 2025 iPad 11-inch (Wi-Fi, 128GB) - Silver (Renewed)",487.45,385.25,1444.69,-957.24,-66.26,0.27
جوال قابل للطي، يدعم اللغة العربية، شاشة HD مقاس 2.4 انش، زر استغاثة وبث الوقت، ارقام ناطقة، راديو اف ام، مصباح يدوي، هاتف قابل للطي لكبار السن والاطفال 2025 (احمر),"Apple 2025 iPad 11-inch (Wi-Fi, 128GB) - Silver (Renewed)",153.9,385.25,1444.69,-1290.79,-89.35,0.27
جوال ريدمي 17 ثنائي شرائح الاتصال شبكة الجيل الخامس 5G، بذاكرة رام 4 جيجابايت وتخزين 128 جيجابايت، برتقالي زاهي - النسخة العالمية,"Google Pixel 8 5G,US Version, 128 GB Obsidian - Unlocked (Renewed)",761.0,288.96,1083.6,-322.6,-29.77,0.27
تابلت بيشينج 7 انش اندرويد 14.0، ذاكرة RAM 8GB (توسيع 3+5) + تابلت روم 32GB، كاميرا مزدوجة، شاشة IPS 1024x600، توسيع 1 تيرابايت، تابلت مع حافظة (بينك),"HOTTABLET Tablet 7Inch Android 14.0 with Protective Case, 8GB(3+5GB Expand) RAM+ 32GB ROM, IPS Screen, Dual Camera, Bluetooth 5.0 WiFi Tab (Black)",236.0,40.99,153.71,82.29,53.53,0.26
"حافظة حماية من بروكيس متوافقة مع آيباد برو 11 بوصة 2021، غطاء مصنوع من البلاستيك باللون الأزرق | Slim stand hard-back shell smart cover for iPad Pro 11&quot; 4th/3rd/2nd/1st Gen, released 2022/2021/2020/2018","MoKo for iPad (A16) 11th Generation Case, iPad 10th Gen Case, Navy Blue | For iPad 11/10.9 Inch Case 2025/2022, Slim Stand Hard PC Translucent Back Shell Smart Cover,Support Touch ID,Auto Wake/Sleep ClimatePartner certified",44.99,9.95,37.31,7.68,20.58,0.26
تابلت 10 انش اندرويد 15 مع كيبورد وقلم ستايلس 8GB RAM 2 في 1 يتضمن ماوس وحافظة واقية، عمر بطارية طويل 6000mAh 5G واي فاي 6 كاميرا مزدوجة 32GB روم 10.1 انش، مجموعة تابلت للعمل والدراسة,"2 in 1 Tablet 10 Inch Android 15 Tableta, Tablets with Keyboard Mouse Case Stylus, 8GB RAM 32GB ROM Supports 1TB Expansion, 2MP+8MP Dual Camera Quad Core Processor 6000mAh Battery 10.1 IN FHD Tab Pink",324.06,64.99,243.71,80.35,32.97,0.26
كوبرز تابلت 10 انش، اندرويد 14، ذاكرة روم 32GB، 512GB قابل للتوسيع، معالج رباعي النواة، بطارية 6000mAh، شاشة لمس 1280x800 IPS، كاميرا مزدوجة HD 2MP+8MP، بلوتوث واي فاي، ازرق كحلي,Android Tablet 10 Inch Tablet With Case Stylus Android 15 Tablets 8GB RAM 32GB ROM Support 1TB Expansion 6000mah Battery 10.1&quot; IPS HD Touchscreen 2MP+8MP Dual Camera WIFI-6 Bluetooth5.0 Tablets,292.39,59.99,224.96,67.43,29.97,0.26
حافظة حماية من بروكيس لآيباد إير 10.9 بوصة الجيل الرابع والخامس، حافظة من البولي كربونات والبولي يوريثان باللون الأسود | Protective hard-back smart cover with auto wake/sleep for iPad Air 11&quot; M4/M3/M2 and 10.9&quot; 5th/4th Gen,"MoKo for iPad (A16) 11th Generation Case, iPad 10th Gen Case, Navy Blue | For iPad 11/10.9 Inch Case 2025/2022, Slim Stand Hard PC Translucent Back Shell Smart Cover,Support Touch ID,Auto Wake/Sleep ClimatePartner certified",44.09,9.95,37.31,6.78,18.16,0.26
"لوحة مفاتيح ماجيك عربية لايباد ميني 6 مقاس 8.3 بوصة مع غطاء خلفي مغناطيسي من ايمبانج، حافظة لوحة مفاتيح ذكية متعددة اللمس بإضاءة خلفية، غطاء بدعامة عائمة لايباد ميني الجيل السادس - أبيض | Magnetic Back Cover, Smart Multi-Touch Trackpad Backlit Keyboard Case Floating Cantilever Case mini 7th 6th Generation White","Harvopu for iPad A16 11th/10th Generation Case with Keyboard, Folio Cover | Multi-Touch Trackpad, 7 Colors Backlit, Detachable Keyboard for iPad A16 11 inch/10th Gen with Pencil Holder, Navy Blue",399.99,25.98,97.42,302.56,310.56,0.25
تلفزيون 4 كيه من ابل (32GB),"Apple iPad with WiFi, 32GB, Silver (2017 Model) (Renewed)",836.12,76.0,285.0,551.12,193.38,0.25
شاومي تلفزيون اف 32، 32 بوصة (81 سم)، اتش دي، تلفزيون ذكي، فاير تي في، دولبي اوديو، دي تي اس فيرتشوال: اكس، DTS-HD، تحكم صوتي اليكسا، يعمل مع ابل اير بلاي,"Apple iPad Air 2 9.7-Inch, 32GB Tablet (Gold) (Renewed)",656.95,87.18,326.92,330.02,100.95,0.25
جيتك شاشة حماية ورقية غير لامعة لجهاز ايباد (A16) الجيل 11/10، عبوة واحدة | لطراز 2025/2022، لمسة نهائية غير لامعة مضادة للوهج، تحسين الكتابة والرسم، مضاد لبصمات الأصابع,"Apple iPad, 2025 with A16 Chip (11-inch, Wi-Fi + Cellular, 128GB) - Silver (Renewed)",46.99,449.99,1687.46,-1640.47,-97.22,0.25
سامسونج جوال جالكسي ايه 17 ال تي اي، هاتف ذكي بنظام اندرويد، ذاكرة تخزين 128GB، ذاكرة RAM 6GB، رمادي، 6x تحديثات نظام التشغيل، شاشة كبيرة، كاميرا 50MP OIS (اصدار بي ايه اي),"Samsung Galaxy S25 5G, 128GB + 12GB RAM, Silver Shadow - Unlocked (Renewed)",719.0,431.89,1619.59,-900.59,-55.61,0.25
جوال جالكسي ذكي A07 LTE بنظام أندرويد وذاكرة تخزين 64GB وذاكرة رام 4GB و6x تحديثات نظام التشغيل مع شاشة كبيرة ومعالج 6nm من سامسونج، أخضر (إصدار المملكة العربية السعودية),"Samsung Galaxy A14 5G, 64GB + 4GB RAM, Black - Unlocked (GSM Only) (Renewed)",449.99,104.44,391.65,58.34,14.9,0.25
ريلمي هاتف ذكي C100i 4G ثنائي شرائح الاتصال بذاكرة RAM 4GB وذاكرة تخزين 128GB وكاميرا ذكاء اصطناعي سريع الاداء ثنائي شرائح الاتصال اندرويد (رمادي داكن),"Motorola Moto G 2025, 128GB + 4GB RAM, Forest Gray - Unlocked (Renewed)",529.0,124.59,467.21,61.79,13.22,0.25
سامسونج هاتف ذكي جالكسي A06 4G | شاشة 6.7 انش HD+ | كاميرا مزدوجة 50MP | معالج هيليو G85 | بطارية 5000mAh | اندرويد 14 ون UI 7 | ذاكرة RAM 4GB وذاكرة تخزين 64GB | بصمة جانبية (اسود),Samsung Galaxy A06 4G LTE (64GB + 4GB) Latin Version SM-A065M/DS Factory Unlocked 6.7&quot; Dual Sim 50MP Dual Cam (Case Bundle) - (Black),470.0,115.73,433.99,36.01,8.3,0.25
تابلت اندرويد 15، تابلت 10 انش، تابلت 2 في 1 مع حافظة كيبورد | ذاكرة RAM 8GB + ذاكرة روم 32GB / 2TB قابلة للتوسيع، شاشة عرض IPS 1280x800، واي فاي 5G 6، كاميرا مزدوجة، بطارية 6000mAh BT5,Android Tablet 10 Inch Tablet With Case Stylus Android 15 Tablets 8GB RAM 32GB ROM Support 1TB Expansion 6000mah Battery 10.1&quot; IPS HD Touchscreen 2MP+8MP Dual Camera WIFI-6 Bluetooth5.0 Tablets,325.39,59.99,224.96,100.43,44.64,0.25
"حافظة حماية من جيه تك لآيباد برو 11 إنش (2021/2020/2018)، غطاء مصنوع من TPU و PC باللون الأزرق الفاتح | Cover for 2022/2021/2020/2018 Model, Clear Back, Pencil Holder, Slim Shockproof, Tri-Fold Stand, Auto Wake/Sleep","MoKo for iPad (A16) 11th Generation Case, iPad 10th Gen Case, Navy Blue | For iPad 11/10.9 Inch Case 2025/2022, Slim Stand Hard PC Translucent Back Shell Smart Cover,Support Touch ID,Auto Wake/Sleep ClimatePartner certified",68.99,9.95,37.31,31.68,84.9,0.25
تابلت اندرويد 10.1 انش ثنائي شرائح الاتصال بذاكرة RAM 6GB وذاكرة روم 128GB وشاشة لمس IPS HD 1280×800 وبلوتوث وكاميرا مزدوجة وجي ام اس وواي فاي وجوجل من سي سي جي واي كيو (اسود),"Tablet Android 16 10 Inch 12GB RAM+64GB ROM/ 1TB Expandable, 1280 * 800 HD Touch Screen, 5G WiFi6 BT 5.0, 2 in 1 Tab with Keyboard Case Mouse Stylus (Pink)",408.88,62.99,236.21,172.67,73.1,0.25
ريلمي هاتف ذكي C100i 4G ثنائي شرائح الاتصال بذاكرة RAM 4GB وذاكرة تخزين 128GB وكاميرا ذكاء اصطناعي سريع الاداء ثنائي شرائح الاتصال اندرويد (ارجواني داون),"Motorola Moto G 2025, 128GB + 4GB RAM, Forest Gray - Unlocked (Renewed)",529.0,124.59,467.21,61.79,13.22,0.25
تابلت هوت تابليت 10 انش اندرويد 15، ذاكرة RAM 12GB (4+8 توسيع) + روم 64GB، كاميرا مزدوجة 2+8MP، بطارية 6000mAh (تابلت + حافظة + قلم ستايلس) (ازرق),"aiprotablet Tablet 10 inch Android 15 Tablets, 12GB RAM 64GB ROM 1TB Expand, Quad-Core Processor, 1280x800 LCD Touch Screen, WiFi 5, Dual Camera, BT5.0, 6000mAh Battery (Blue)",301.28,57.94,217.27,84.0,38.66,0.24
تابلت اندرويد 16 مطور 2026 من تابوي 11 انش، شاشة FHD 1920x1200 | ذاكرة RAM 24GB + ذاكرة روم 256GB، ثنائي 4G LTE + 5G واي فاي، ثماني النواة، بطارية 8000mAh، كاميرا 16MP + 8MP، جيميني AI,"10 inch Tablet with Keyboard - Android 16 Tablet with 24GB+256GB+2TB Expand | 2026 Gemini AI Tablet PC with 8-Core, 5G WiFi, 8000mAh, GMS, GPS, 2-in-1 Electronic Tablet with Case, Mouse, Stylus (Black)",678.99,129.99,487.46,191.53,39.29,0.24
تابلت اندرويد 10.1 بوصة من سي جي واي كيو، ذاكرة RAM سعة 6 جيجابايت وسعة تخزين 128 جيجابايت، شاشة IPS 1280×800، واي فاي ثنائي النطاق، GPS، ثنائي شرائح الاتصال، بلوتوث، شبكة 5G، شاشة تعمل باللمس (أسود),"Tablet Android 16 10 Inch 12GB RAM+64GB ROM/ 1TB Expandable, 1280 * 800 HD Touch Screen, 5G WiFi6 BT 5.0, 2 in 1 Tab with Keyboard Case Mouse Stylus (Pink)",428.88,62.99,236.21,192.67,81.57,0.24
هاتف ذكي سامسونج جالكسي ام 13 LTE بنظام تشغيل اندرويد، وذاكرة تخزين 64 GB، وذاكرة RAM 4 GB، ثنائي شرائح الاتصال، باللون الازرق الفاتح (اصدار المملكة العربية السعودية)، ازرق فاتح,"Samsung Galaxy A17 5G A176 Dual Sim 4GB RAM 128GB - Black - 128, W129189135 (4GB RAM 128GB - Black - 128 GB)",719.01,204.5,766.88,-47.87,-6.24,0.24
فيفو واي 11 5G (ذهبي، 4+4GB RAM، 128GB) 6500mAh، شاحن 44 واط | 120 هرتز| تصنيف IP65 | ان اف سي | شريط رقبة حصري، ضمان 24 شهر وحماية شاشة لمدة 6 اشهر,"Motorola Moto G 5G 2024, 128GB + 4GB RAM, Sage Green - Unlocked (Renewed)",799.95,117.99,442.46,357.49,80.79,0.24
سامسونج تابلت جالكسي تاب A9 4G LTE (64GB، 4GB، شبكة خلوية) 8.7 انش، ثماني النواة (6 نانومتر)، مكبرات صوت مزدوجة (نموذج عالمي مفتوح بالكامل للولايات المتحدة والعالمية) X115 (مع شاحن سريع 15 واط، جرافيت),"Samsung Galaxy Tab A11 WiFi Model (International Version), 8.7 inches, 64GB + 4GB with Model Number SM-X133 (Gray)",810.85,136.99,513.71,297.14,57.84,0.24
تابلت اندرويد 10.1 انش ثنائي شرائح الاتصال بذاكرة RAM 6GB وذاكرة روم 128GB وشاشة لمس IPS HD 1280×800 وبطارية 4000mAh وبلوتوث وكاميرا مزدوجة وجي ام اس وواي فاي من سي جي واي كيو (رمادي),"Tablet Android 16 10 Inch 12GB RAM+64GB ROM/ 1TB Expandable, 1280 * 800 HD Touch Screen, 5G WiFi6 BT 5.0, 2 in 1 Tab with Keyboard Case Mouse Stylus (Pink)",398.88,62.99,236.21,162.67,68.86,0.24
"حافظة حماية من جيتك لآيباد إير 3 10.5 و آيباد برو 10.5، غطاء مصنوع من PC و PU باللون الأسود | Cover for iPad Pro 10.5&quot; 2017, iPad Air 2019 Model, Translucent Back, Tri-Fold Stand, Auto Wake/Sleep, Shockproof","MoKo for iPad (A16) 11th Generation Case, iPad 10th Gen Case, Navy Blue | For iPad 11/10.9 Inch Case 2025/2022, Slim Stand Hard PC Translucent Back Shell Smart Cover,Support Touch ID,Auto Wake/Sleep ClimatePartner certified",51.99,9.95,37.31,14.68,39.34,0.24
"غطاء ايباد برو 13 بوصة من جيه اي تي موديل (2024) مع حامل قلم، غطاء خلفي شفاف مع مسند ظهر مضاد للصدمات وتنبيه وغلق شاشة تلقائي (ستارلايت)، بولي يوريثين مقاوم للحرارة والبولي كربونات والبولي يوريثان | Cover for 2026/2025/2024 Model, Clear Back, Pencil Holder, Slim Shockproof Protection, Tri-Fold Stand, Auto Wake/Sleep","MoKo for iPad (A16) 11th Generation Case, iPad 10th Gen Case, Navy Blue | For iPad 11/10.9 Inch Case 2025/2022, Slim Stand Hard PC Translucent Back Shell Smart Cover,Support Touch ID,Auto Wake/Sleep ClimatePartner certified",69.99,9.95,37.31,32.68,87.58,0.23
تابلت اندرويد 15 مع كيبورد من رويكياي، تابلت 10 انش مع حافظة | 8GB + 32GB + 1TB موسع، شاشة لمس IPS 1280x800، واي فاي 5G 6، L1، بطارية طويلة العمر (اسود),Android Tablet 10 Inch Tablet With Case Stylus Android 15 Tablets 8GB RAM 32GB ROM Support 1TB Expansion 6000mah Battery 10.1&quot; IPS HD Touchscreen 2MP+8MP Dual Camera WIFI-6 Bluetooth5.0 Tablets,323.59,59.99,224.96,98.63,43.84,0.23
هاتف هونر X5c بلس ثنائي شرائح الاتصال بذاكرة روم 128GB وذاكرة RAM 4GB (جي اس ام فقط | بدون سي دي ام ايه) هاتف ذكي 4G/LTE غير مغلق من المصنع (أسود ميدنايت) - إصدار عالمي,"Motorola Moto G 2025, 128GB + 4GB RAM, Forest Gray - Unlocked (Renewed)",529.0,124.59,467.21,61.79,13.22,0.23
جهاز ريدمي باد 2 9.7 فضي 4GB RAM 128GB واي فاي غطاء العلبة | شاشة 2 كيه 129 هرتز فائقة الوضوح، سناب دراجون® 6s الجيل الثاني، مدعوم من شاومي HyperOS 3 - الإصدار العالمي,"Motorola Moto G 2025, 128GB + 4GB RAM, Forest Gray - Unlocked (Renewed)",609.0,124.59,467.21,141.79,30.35,0.23
سامسونج جالكسي تاب اكتيف برو 10.1 انش 64 جيجا/4 جيجا، الجيل الرابع ال تي اي، اسود - SM-T545,Samsung Galaxy Tab Active5 Pro 10.1&quot; SM-X356B 128GB 6GB Factory Unlocked WiFi + 5G LTE Cellular Rugged Tablet - International Version (Green),749.0,699.5,2623.12,-1874.12,-71.45,0.23
تكنو سبارك جو 3 4+4GB RAM 64GB 5000mAH 4G بطارية اورورا ارجواني,"Motorola Moto G Power 2022, 64GB + 4GB RAM, Dark Grove - Unlocked (Renewed)",489.0,83.99,314.96,174.04,55.26,0.23
تابلت اندرويد 15، تابلت 11 انش مع معالج ثماني النواة، ذاكرة RAM 12GB + 128GB ROM 1TB، قابل للتوسيع وايدفاين L1، بطارية 8000mAh، واي فاي ثنائي التردد 2.4/5GHz وGPS/راديو اف ام، كاميرات 5/8MP,"Tablet 11 Inch, Android 16 Tablet, Gray | Octa-Core, 20GB RAM + 128GB ROM, 1TB Expandable, 90Hz IPS Touchscreen, 8800mAh, WiFi 6, BT 5.2, GPS, Dual Camera",489.79,74.79,280.46,209.33,74.64,0.23
قلم ايباد A8 من ميتابين لجهاز ابل 2018+، شحن سريع مرتين ودقة 0.1 ملم | هيكل معدني، قلم ابل مع رفض مغناطيسي لراحة اليد لايباد A16/11-6، برو 32.8/27.9/33 سم M4، اير 3/4/5/M2/M3/M4، ميني 5/6,"Apple iPad Pro (11-inch, Wi-Fi, 64GB) - Space Gray (2018) (Renewed)",63.99,265.0,993.75,-929.76,-93.56,0.23
جوال شاومي ريدمي 10C بذاكرة RAM 4Gb، وذاكرة روم 64Gb - لون رمادي جرافيت، 38611,"Motorola Moto G Power 2022, 64GB + 4GB RAM, Dark Grove - Unlocked (Renewed)",599.0,83.99,314.96,284.04,90.18,0.23
تابلت للاطفال من ينوش مقاس 7 انش بنظام اندرويد 3-7، تابلت 32GB للاطفال الصغار مع حافظة واي فاي وكاميرا مزدوجة، تحكم ابوي، تابلت معتمد من جي ام اس,"Apple iPad Air 2 9.7-Inch, 32GB Tablet (Gold) (Renewed)",177.61,87.18,326.92,-149.32,-45.67,0.22
تابلت للاطفال من سن 3-7 سنوات، تابلت اندرويد 13 للاطفال الصغار، تابلت اطفال 7 انش مع حافظة/واي فاي/ذاكرة RAM 8GB وذاكرة روم 64GB قابلة للتوسيع 128GB، بلوتوث، HD IPS، حماية للعين، هدية للاولاد والبنات (زهري),"Apple 2025 iPad Air 13-inch, Wi-Fi, 128GB - Space Gray (Renewed)",289.0,659.99,2474.96,-2185.96,-88.32,0.22
"جيتك حافظة حماية للاطفال لجهاز ايباد 10.2 انش (الجيل التاسع/الثامن/السابع، 2021/2020/2019) مع شاشة حماية مدمجة، غطاء حماية للتابلت بمقبض كامل مضاد للصدمات (لون بنفسجي) | Built-in Screen Protector, Handle Stand, Shockproof Full-Body Protection, Kid-Friendly Design","SEYMAC stock Case for iPad (A16) 11th/10th Generation 11&#x27;&#x27;/10.9&#x27;&#x27; 2025/2022, Full-Body Drop Protection Case with Screen Protector &amp;360° Rotate Hand Strap/Stand, Black",77.99,27.99,104.96,-26.97,-25.7,0.22
تابلت اندرويد 14 10 انش 2 في 1 مع كيبورد وذاكرة RAM 64GB+8GB وشاشة 10.1 انش وكاميرا 8MP وبطارية 6000mAh يتضمن كيبورد وماوس وحافظة وقلم ستايلس وواي فاي 6 وبلوتوث - بينك/فتاة,"2 in 1 Tablet 10 Inch Android 15 Tableta, Tablets with Keyboard Mouse Case Stylus, 8GB RAM 32GB ROM Supports 1TB Expansion, 2MP+8MP Dual Camera Quad Core Processor 6000mAh Battery 10.1 IN FHD Tab Pink",393.79,64.99,243.71,150.08,61.58,0.22
جوال ايفون 12 بذاكرة 64 جيجابايت من ابل، لون أسود (تصميم مطور),"Apple iPhone 12, 64GB, Black - Unlocked (Renewed)",890.0,186.0,697.5,192.5,27.6,0.22
تابلت بيشينج مع حافظة واقية 7 انش IPS 1024*600 اندرويد 15.0 تابلت كمبيوتر RAM 8GB (3+5 توسيع) + روم 32GB بلوتوث 5.0 واي فاي 6 2.4G+5G 2MP + 5MP كاميرا مزدوجة (اسود),Android Tablet 10 Inch Tablet With Case Stylus Android 15 Tablets 8GB RAM 32GB ROM Support 1TB Expansion 6000mah Battery 10.1&quot; IPS HD Touchscreen 2MP+8MP Dual Camera WIFI-6 Bluetooth5.0 Tablets,201.2,59.99,224.96,-23.76,-10.56,0.22
Infinix Hot 60i Dual SIM Sleek Black 8GB RAM 256GB 5G - Middle East Version,"Samsung Galaxy A17 5G A176 Dual Sim 4GB RAM 128GB - Black - 128, W129189135 (4GB RAM 128GB - Black - 128 GB)",548.79,204.5,766.88,-218.09,-28.44,0.22
جوال ايفون 12 ميني من ابل (64 جيجابايت) - لون أزرق (مجدد),"Apple iPhone 12, 64GB, Black - Unlocked (Renewed)",650.0,186.0,697.5,-47.5,-6.81,0.22
"كيبورد QPHWHFQ بلوتوث مضاء خلفياً مع تراك باد و حامل مغناطيسي بإضاءة 7 ألوان لآيباد برو 11 و آيباد إير M4/M3/M2 | Arabic &amp; English, Keyboard Case with Magnetic Stand, Multi-Touch Trackpad, 7-Color Backlight, White","Logitech Combo Touch iPad Air 11 inch Keyboard Case - Midnight Black | Fits M2 M3 &amp; M4 models, compatible with 5th gen, features backlit keys, built-in kickstand for flexible viewing",296.99,199.99,749.96,-452.97,-60.4,0.22
جوال ابل ايفون 11 (64 جيجا) - أبيض (المطور),"Apple iPhone 11, 64GB, Black - Unlocked (Renewed)",740.0,172.0,645.0,95.0,14.73,0.22
"واقي شاشة من جيه تك لآيباد برو 12.9 بوصة (2022/2021/2020/2018) من الزجاج المقسى قطعة واحدة مقاوم للخدش و مضاد للبصمات | For 2022/2021/2020/2018 Model, Auto Alignment Installation, HD Clear, Tempered Glass, Bubble-Free Application","Apple 2022 iPad Pro, 12.9-inch, 128GB - Space Gray (Renewed)",56.99,609.95,2287.31,-2230.32,-97.51,0.21
تلفزيون سامسونج 43 بوصة FHD F6000F، محتويات مجانية من سامسونج TV بلس ومؤمن بواسطة نوكس ويدعم HDR واو تي اس لايت طراز UA43F6000FUXSA من سامسونج (نسخة 2025 المملكة العربية السعودية),"Samsung 32-Inch Class HD H5000F Smart TV (2025 Model) HDR, Object Tracking Sound Lite, Knox Security, One UI Tizen",979.0,97.96,367.35,611.65,166.5,0.21
لينوفو لابتوب 2 في 1 للطلاب الجيل الثالث 500 واط بشاشة لمس HD 11.6 انش ومعالج انتل بنتيوم سيلفر N6000 وذاكرة RAM 8GB وSSD 128GB وHDMI وكاميرا ويب وقارئ بطاقات MicroSD ولوحة لمس وواي فاي 6 وويندوز 11,"HP 14 Laptop, Intel N150, 4GB DDR5 RAM, 128GB SSD, Windows 11",715.24,299.99,1124.96,-409.72,-36.42,0.21
غطاء كاميرا خصوصية، غطاء كاميرا ويب متوافق مع ايباد/ايباد برو/ايباد اير/ايباد ميني/جالكسي تاب اس 11/جالكسي تاب اس ال الترا، حماية الخصوصية والامان، حماية من انزلاق الكاميرا، عبوة من قطعتين,"Apple 2024 iPad Air, 11-inch, Wi-Fi, 128GB - Starlight (Renewed)",72.88,459.95,1724.81,-1651.93,-95.77,0.21
غطاء كاميرا خصوصية، غطاء كاميرا ويب متوافق مع ايباد/ايباد برو/ايباد اير/ايباد ميني/جالكسي تاب اس 11/جالكسي تاب اس ال الترا، حماية الخصوصية والامان، حماية من انزلاق الكاميرا، عبوة من قطعتين,"Apple 2024 iPad Air, 11-inch, Wi-Fi, 128GB - Starlight (Renewed)",71.32,459.95,1724.81,-1653.49,-95.87,0.21
تابلت كوبيسي اندرويد 14 مقاس 7 انش مع حافظة وذاكرة RAM 8GB وروم 32GB قابل للتوسيع 1TB ومعالج رباعي النواة 1.6GHz وشاشة لمس HD 1024×600 IPS 7 انش وكاميرا 5MP وواي فاي والالعاب وبلوتوث,"HOTTABLET Tablet 7Inch Android 14.0 with Protective Case, 8GB(3+5GB Expand) RAM+ 32GB ROM, IPS Screen, Dual Camera, Bluetooth 5.0 WiFi Tab (Black)",209.48,40.99,153.71,55.77,36.28,0.21
تابلت 10 انش اندرويد 15 من هوت تابلت، 12 (4+8 توسيع) GB RAM + ذاكرة روم 64GB، كاميرا مزدوجة 2+8MP، بطارية 6000mAh (تابلت + حافظة + قلم ستايلس) (اسود),"2 in 1 Tablet 10 Inch Android 15 Tableta, Tablets with Keyboard Mouse Case Stylus, 8GB RAM 32GB ROM Supports 1TB Expansion, 2MP+8MP Dual Camera Quad Core Processor 6000mAh Battery 10.1 IN FHD Tab Pink",297.26,64.99,243.71,53.55,21.97,0.21
تابلت فولينتكس 10 انش للاطفال مع حافظة، تابلت اندرويد 15 للاعمار من 3-12، لوحة تعليمية 64GB، تحكم ابوي، 5G WIFI6، كاميرا مزدوجة، 6000mAh، بلوتوث (ازرق),"Tablet Android 16 10 Inch 12GB RAM+64GB ROM/ 1TB Expandable, 1280 * 800 HD Touch Screen, 5G WiFi6 BT 5.0, 2 in 1 Tab with Keyboard Case Mouse Stylus (Pink)",374.12,62.99,236.21,137.91,58.38,0.21
"قلم اير 8 لجهاز ابل ايباد 2018-2025، (عمر بطارية 20 ساعة)، شحن سريع خلال دقائق، قلم عالي الدقة لأجهزة ايباد 11 A16/10/9/8/7/الجيل السادس، برو 12.9/11/13 بوصة M4، اير 3/4/5/M2/M3 من ميتابين (أبيض) | 20-Hour Battery Life, 0.1mm Precision Pencil for iPad A16/11/10/9/8/7/6, Pro 12.9/11/13&quot; M4/M5, Air3/4/5/M2/M3/M4, Mini 5/6","Apple iPad Air, 2025 with M3 Chip (11-inch, Wi-Fi, 128GB) - Purple (Renewed)",64.99,589.0,2208.75,-2143.76,-97.06,0.21
تابلت 10.1 انش، ذاكرة RAM سعة 4 GB وذاكرة داخلية سعة 128 GB، معالج ثماني النواة، شاشة بدقة 1280×800 بخاصية IPS، تقنية واي فاي، جي بي اس، ثنائي شرائح الاتصالل، غطاء من المعدن (ازرق),"Tablet Android 16 10 Inch 12GB RAM+64GB ROM/ 1TB Expandable, 1280 * 800 HD Touch Screen, 5G WiFi6 BT 5.0, 2 in 1 Tab with Keyboard Case Mouse Stylus (Pink)",418.88,62.99,236.21,182.67,77.33,0.21
تابلت لينوفو بنظام اندرويد وشاشة شاشة 10.1 بوصة FHD، معالج ميديا تيك هيليو G85، سعة تخزين 64GB، واي فاي 6، رام 4GB، رمادي لونا + حافظة شفافة,"Apple 2021 iPad 10.2-inch, Wi-Fi, 64GB, Silver (Renewed)",733.54,177.0,663.75,69.79,10.51,0.21
تابلت اندرويد 10.1 بوصة، رام 8 جيجابايت وذاكرة تخزين داخلية 256 جيجابايت وشاشة لمس IPS مقاس 1280×800 HD، ثنائي شرائح الاتصال مع واي فاي ثنائي التردد وGMS وبلوتوث 5.0 وكاميرا مزدوجة من اس في مان، ذهبي,"Tablet Android 16 10 Inch 12GB RAM+64GB ROM/ 1TB Expandable, 1280 * 800 HD Touch Screen, 5G WiFi6 BT 5.0, 2 in 1 Tab with Keyboard Case Mouse Stylus (Pink)",409.88,62.99,236.21,173.67,73.52,0.21
"حافظة حماية من جي إي تك لآيباد برو 11 إنش (موديل 2022/2021)، فوليو دوارة من البولي كربونات و البولي يوريثان باللون الوردي الذهبي | Cover for 2022/2021 Model, Multi-Angle Stand, Clear Back Design, Auto Wake/Sleep, Pencil Holder, Full Protection","MoKo for iPad (A16) 11th Generation Case, iPad 10th Gen Case, Navy Blue | For iPad 11/10.9 Inch Case 2025/2022, Slim Stand Hard PC Translucent Back Shell Smart Cover,Support Touch ID,Auto Wake/Sleep ClimatePartner certified",70.99,9.95,37.31,33.68,90.26,0.21
ايه جي ام هاتف ذكي صغير غير مقفل 4G، شاشة صغيرة 12.60 سم بيد واحدة مع اندرويد 16 جو. IP54 مقاوم للغبار والرذاذ، بطارية 3000mAh، ثنائي شرائح الاتصال، 256GB قابلة للتوسيع للنسخ الاحتياطي وكبار السن,"Apple iPhone 16 Pro Max, 256GB, Black Titanium - Unlocked (Renewed)",349.0,812.46,3046.73,-2697.73,-88.55,0.2
موتورولا جوال ايدج 60 فيوجن ثنائي شرائح الاتصال بذاكرة روم 256GB وذاكرة RAM 8GB (جي اس ام فقط | بدون سي دي ام ايه) هاتف ذكي 5G مفتوح من المصنع (بانتون سليب ستريم) - اصدار عالمي,"Motorola Moto Razr 40 5G 2023, 128GB + 8GB RAM, Sage Green - Unlocked (Renewed)",989.0,224.97,843.64,145.36,17.23,0.2
A100Cs Could White 2+4GB RAM 64GB 4G - اصدار الشرق الاوسط,"Motorola Moto G Power 2022, 64GB + 4GB RAM, Dark Grove - Unlocked (Renewed)",319.0,83.99,314.96,4.04,1.28,0.2
جوال سامسونج جالكسي A06 LTE ثنائي شرائح الاتصال يعمل بنظام أندرويد بذاكرة رام 4 جيجابايت وسعة تخزين 64 جيجابايت، لون أسود (إصدار المملكة العربية السعودية),"Samsung Galaxy A11, 32GB - Unlocked (Renewed)",499.0,74.44,279.15,219.85,78.76,0.2
تابلت للاطفال الصغار من فيسووي، تابلت اندرويد 7 انش مع واي فاي وكاميرا مزدوجة وبلوتوث ومراقبة الوالدين وحافظة مضادة للصدمات العاب تعليمية 32GB روم للاعمار من 3-14 سنة (ازرق),"Apple iPad Air 2 9.7-Inch, 32GB Tablet (Gold) (Renewed)",199.99,87.18,326.92,-126.94,-38.83,0.2
تابلت ايه 17 برو ماكس 10.1 انش بنظام اندرويد 15 وذاكرة RAM 24GB وروم 1TB وبطارية 10000mAh وواي فاي 5G وشاشة FHD IPS ومعالج ثماني النواة وبلوتوث وكاميرا مزدوجة,"HP 17 Inch FHD Laptop Computer for Business &amp; Students 32GB RAM 1TB SSD | AMD R5 7430U Processor, 17.3 inch FHD IPS Display, Windows 11 Pro, Copilot AI Key, Fast Charging, Wi-Fi 6",400.0,899.99,3374.96,-2974.96,-88.15,0.2
"حافظة حماية من جيه تك لآيباد إير 11 و10.9 بوصة وآيباد برو 11، غطاء من جلد PU وألياف دقيقة باللون الأسود | For iPad Air 11&quot; (2026-2024) &amp; Air 5/4 10.9&quot; (2022/2020)&amp;iPad Pro 11 (2018), Slim Smart Design Cover, Lightweight Protection","Apple 2022 iPad Air (10.9-inch, Wi-Fi, 64GB) - Starlight (Renewed)",65.69,314.19,1178.21,-1112.52,-94.42,0.2
واقي شاشة من بروكيس لآيباد إير 5 و4 وآيباد برو 11 من الزجاج المقسى عدد 2 بصلابة 9H مقاوم للخدش ومضاد للصدمات | Tempered Glass for iPad Air 10.9&quot; 5th/4th Gen 2022/2020 and iPad Pro 11&quot; 4th/3rd/2nd/1st Gen 2022-2018,"Apple 2020 iPad Pro 2nd Gen 11 inch, Wi-Fi, 128GB Silver (Renewed)",48.99,379.95,1424.81,-1375.82,-96.56,0.2
قلم ستايلس من ديجيروت متوافق مع آيباد، ميلك أبيض | قلم ايباد بمنفذ USB-C للشحن السريع لمدة 15 دقيقة مع خاصية رفض راحة اليد وحساسية الميل لجهاز ايباد 2018-2026 برو اير ميني,"Apple iPad Pro (12.9-inch, Wi-Fi, 64GB) - Silver (2018) (Renewed)",79.99,309.95,1162.31,-1082.32,-93.12,0.2
كابل من أفيبريكس بطول 1 متر نوع USB-C إلى HDMI متوافق مع آيفون 17 وماك بوك برو وآيباد برو وجالاكسي S26 وسيرفس بوك 2,"Apple 2022 iPad Pro, 12.9-inch, 128GB - Space Gray (Renewed)",80.99,609.95,2287.31,-2206.32,-96.46,0.2
"حافظة حماية من جيتك لجهاز آيباد ميني A17 برو (2024)، بتصميم غطاء مصنوعة من PU-PC بلون ستارلايت | Slim Smart Design Cover, Auto Wake/Sleep, Lightweight Protection","MoKo for iPad (A16) 11th Generation Case, iPad 10th Gen Case, Navy Blue | For iPad 11/10.9 Inch Case 2025/2022, Slim Stand Hard PC Translucent Back Shell Smart Cover,Support Touch ID,Auto Wake/Sleep ClimatePartner certified",64.99,9.95,37.31,27.68,74.18,0.2
تابلت للاطفال مقاس 7 انش، اندرويد 14، ذاكرة RAM 8GB، تخزين 128GB، تحكم ابوي، حافظة مضادة للصدمات، واي فاي وبلوتوث، كاميرا مزدوجة، صديق للاطفال (ازرق),"HP 14 Laptop, Intel N150, 4GB DDR5 RAM, 128GB SSD, Windows 11",199.0,299.99,1124.96,-925.96,-82.31,0.2
جيتك حافظة لجهاز ايباد ميني الجيل الخامس (2019)، اسود | تصميم خلفي شفاف نحيف، حامل ثلاثي الطيات، خاصية التنبيه/النوم التلقائي، غطاء خفيف الوزن مضاد للصدمات,"2019 Apple iPad Air (10.5-inch, WiFi, 256GB) - Gold (Renewed)",44.99,249.0,933.75,-888.76,-95.18,0.2
جهاز نسخ احتياطي لكبار السن والأطفال، جوال كلاسيكي قابل للطي، ثنائي شرائح الاتصال، شاشة 2.8 بوصة + 2.4 بوصة، مع زر استغاثة وبطارية 1200 ميلي امبير في الساعة، جوال كبير بلوحة مفاتيح كبيرة - لون رمادي,"Apple iPad Air 2 9.7-Inch, 32GB Tablet (Gold) (Renewed)",249.99,87.18,326.92,-76.94,-23.53,0.2
قلم ابل برو,"Apple iPhone 16 Pro Max, 256GB, Black Titanium - Unlocked (Renewed)",499.0,812.46,3046.73,-2547.73,-83.62,0.2
موتورولا جوال ايدج 60 فيوجن ثنائي شرائح الاتصال بذاكرة روم 256GB وذاكرة RAM 8GB (جي اس ام فقط | بدون سي دي ام ايه) هاتف ذكي 5G مفتوح من المصنع (بانتون امازونيت) - اصدار عالمي,"Motorola Moto Razr 40 5G 2023, 128GB + 8GB RAM, Sage Green - Unlocked (Renewed)",989.0,224.97,843.64,145.36,17.23,0.2
تلفزيون صغير محمول تيني تي في 2 من تايني سيركيتس - شاشة IPS 1.14 بوصة، مقاطع فيديو محملة مسبقا وقابلة للتحميل، USB نوع سي قابل لاعادة الشحن، تحكم بمقبض + جهاز تحكم صغير (بني),"Apple iPhone 14, 128GB, Purple - Unlocked (Renewed)",336.0,300.21,1125.79,-789.79,-70.15,0.2
تابلت T50 اندرويد 16 11 بوصة ذاكرة رام 24GB (6+18GB قابلة للتوسيع) 128GB ROM (2TB TF) تابلت ألعاب ثماني النواة، شاشة 90Hz للعناية بالعين بطارية 8000mAh شحن عكسي اوه تي جي جيميني ذكاء اصطناعي من تابوي,"Apple 2025 iPad 11-inch (Wi-Fi, 128GB) - Silver (Renewed)",599.99,385.25,1444.69,-844.7,-58.47,0.2
تابلت اندرويد 15 بشاشة 10 بوصة وذاكرة RAM 20GB + ذاكرة ROM 128GB/قابلة للتوسيع حتى 2 تيرابايت ومعالج رباعي النواة بسرعة 2.0GHZ وشاشة عالية الدقة 1280×800P، G5، واي فاي 6، بلوتوث 5.0 وحافظة من كوبيسي,"Apple 2019 iPad 10.2-inch, Wi-Fi, 128GB - Space Gray (Renewed)",391.41,145.0,543.75,-152.34,-28.02,0.19
اوسكار تلفزيون ذكي 50 بوصة UHD 4K QLED | ال جي ويب او اس مع شاشة عرض متعددة اللغات | تصميم بدون اطار | HDR10، صوت دولبي | تحكم صوتي | واي فاي وبلوتوث | ضمان لمدة عامين - OS50QLEDWP,INSIGNIA 55-inch Class QF Series LED 4K UHD QLED Smart Fire TV with Alexa Voice Remote (NS55-UQFL26),929.0,239.99,899.96,29.04,3.23,0.19
هواوي ميت باد SE 11 AGASSI6-W19B 128GB و4GB لون رمادي عربي، هواوي كير بلس لمدة 12 شهرًا (حصري من أمازون),"HP 14 Laptop, Intel N150, 4GB DDR5 RAM, 128GB SSD, Windows 11",699.0,299.99,1124.96,-425.96,-37.86,0.19
آيباد باد اس اي (رمادي جرافيت RAM 8 جيجابايت من شاومي، تخزين 256) - شاشة 11 بوصة FHD+ للعناية بالعين، منصة موبايل سناب دراجون 680 6 نانومتر | معدل تحديث سلس 90 خرتز | مكبرات صوت رباعية مع دولبي اتموس,"Apple 2025 iPad 11-inch (Wi-Fi, 128GB) - Silver (Renewed)",777.09,385.25,1444.69,-667.6,-46.21,0.19
تابلت 10 بوصة مع لوحة مفاتيح 2×1 اندرويد 15 تابلت يتضمن حافظة ماوس ستايلس بطارية 6000 مللي أمبير 8 جيجا +32 جيجا يدعم 1024 جيجا قابل+ للتوسيع 10.1 بوصة كاميرا مزدوجة 2 + 8 ميجا واي فاي 6 بلوتوث تاب,"Apple iPad, 10.2-Inch, Wi-Fi, 32GB, Space Gray (Renewed)",350.24,99.0,371.25,-21.01,-5.66,0.19
تابلت 10 بوصة 1920×1200 بشاشة لمس شفافة IPS اندرويد 13 وذاكرة رام 12GB وروم 512GB وذاكرة قابلة للتوسيع وبطارية 8000mAh بوقت استعداد طويل واتصال بلوتوث وكاميرا مزدوجة 13MP+26MP وشبكة WiFi 5G من ايكام,"Apple 2020 iPad 10.2-inch, WiFi, 32GB - Silver (Renewed Premium)",472.14,135.99,509.96,-37.82,-7.42,0.19
اونر تابلت باد 8 6GB 128GB بشاشة عرض كاملة 12 انش 2K و8 مكبرات صوت 7250mAh وشحن سريع 22.5 واط، سناب دراغون 680 اندرويد مع خدمة واي فاي وتابلت جوجل، ازرق,"Apple 2022 iPad Pro, 12.9-inch, 128GB - Space Gray (Renewed)",729.0,609.95,2287.31,-1558.31,-68.13,0.19
تابلت اي دبليو اي جي جو بنظام اندرويد 14 مع حافظة مقاس 7 انش وذاكرة RAM 8GB وروم 32GB قابل للتوسيع و1TB وكاميرا 5MP ومعالج رباعي النواة 1.6GHz وبطارية 3000,"HOTTABLET Tablet 7Inch Android 14.0 with Protective Case, 8GB(3+5GB Expand) RAM+ 32GB ROM, IPS Screen, Dual Camera, Bluetooth 5.0 WiFi Tab (Black)",197.28,40.99,153.71,43.57,28.34,0.19
جهاز تابلت اندرويد 15 2 في 1 ذاكرة رام 18GB وذاكرة ROM سعة 128GB حتى 2TB معالج رباعي النواة 2.0GHz وشاشة لمس HD 10 بوصة واي فاي 6 تردد 2.4G/5G بلوتوث 5.0 مع لوحة مفاتيح وحافظة وماوس وقلم لمس، 10 بوصة,"Tablet Android 16 10 Inch 12GB RAM+64GB ROM/ 1TB Expandable, 1280 * 800 HD Touch Screen, 5G WiFi6 BT 5.0, 2 in 1 Tab with Keyboard Case Mouse Stylus (Pink)",364.75,62.99,236.21,128.54,54.42,0.19
سامسونج هاتف ذكي جالكسي ايه 17 5G، شاشة 6.7 انش سوبر اموليد 90 هرتز، كاميرا ثلاثية 50MP OIS | اكسينوس 1330 | بطارية 5000mAh | اندرويد 15 ون UI 7 | 8GB RAM 256GB | شحن سريع 25 واط (اسود),"Tracfone Samsung Galaxy A17 5G, 128GB, 50MP Camera (Locked to | Prepaid Smartphone - 6.7&quot; Super AMOLED 90Hz Display, 5000mAh Battery, 4GB RAM, Black",989.0,119.0,446.25,542.75,121.62,0.19
تلفزيون سمارت 50 بوصة بدقة 4K UHD QLED من ارو، RO-50LPWQ | شاشة كبيرة مقاس 50 انش مع تقنية كيو ال اي دي المتقدمة للحصول على ألوان نابضة بالحياة وسطوع محسن.,INSIGNIA 55-inch Class QF Series LED 4K UHD QLED Smart Fire TV with Alexa Voice Remote (NS55-UQFL26),993.0,239.99,899.96,93.04,10.34,0.19
"حافظة حماية من جيه تك لآيباد إير 11 إنش و10.9 إنش، حافظة مصنوعة من TPU بلون شفاف | For iPad Air 11&quot; (2026-2024) &amp; Air 5/4 10.9&quot; (2022/2020), Soft TPU Clear, Shockproof Slim, Support Pencil Pro/2nd Charging","Apple 2020 iPad Pro 2nd Gen 11 inch, Wi-Fi, 128GB Silver (Renewed)",39.99,379.95,1424.81,-1384.82,-97.19,0.19
برايتووم تابلت TAB11 10 انش، ثماني النواة، 128GB، واي فاي 6، شاشة HD IPS، كاميرا مزدوجة، بلوتوث، اف ام، USB C، تابلت مع حافظة,"Apple 2019 iPad 10.2-inch, Wi-Fi, 128GB - Space Gray (Renewed)",402.07,145.0,543.75,-141.68,-26.06,0.19
تابلت هونر باد X8b واي فاي بشاشة 11 بوصة 90Hz FHD وبطارية 10100mAh ورام 4GB وسعة تخزين 64GB قابلة للتوسعة حتى 1TB مقاومة سقوط معتمدة من SGS 5 نجوم مع 4 مكبرات صوت وشحن سريع 15 واط وهيكل معدني، رمادي,"Apple iPad Pro (11-inch, Wi-Fi, 64GB) - Space Gray (2018) (Renewed)",649.0,265.0,993.75,-344.75,-34.69,0.19
"غطاء حماية من جيتك مصنوع من البولي يوريثين الحراري والبولي كربونات ل ايباد برو 13 انش M4 (2024) شفاف | Anti-Yellowing, Shockproof, Hard PC Back, Soft TPU Bumper, Slim Fit Cover, Supports Pencil Pro Charging","Apple iPad Pro 2024 (13-inch, Wi-Fi, 256GB) - Space Black (Renewed)",48.99,989.01,3708.79,-3659.8,-98.68,0.19
تابت AGM PAD P2 اندرويد 14، 16(8+8) GB RAM + 256GB ROM (2TB TF)، تابلت هيليو G99 للألعاب مع حافظة، 4G ثنائي شرائح الاتصال، 5GHz WiFi، 7850mAh، 50MP+8MP/BT5.2/GPS/Type C/ شاشة FHD 1920×1200 بوصة/بوصلة,"URAO Tablet｜14 inch Android 16 Tablet｜30GB RAM 256GB ROM ｜1920 * 1200 IPS FHD｜10000mAh 30W Fast Charging｜Octa-core Processor｜Wi-Fi 6, BT 5.4｜Dual Camera with Gemini AI｜Keyboard｜Stylus｜Case｜Headphone",547.19,239.99,899.96,-352.77,-39.2,0.19
بلاك فيو لينك 8 | 12.7 انش 2K+ 90Hz | ذاكرة RAM 18GB + 256GB | ارجواني كلاودي | Tablet WiFi | 8400 mAh | 16MP + 13MP | Quad Box Stereo | GPS | BT Keyboard &amp; Wireless Mouse,"Tablet 11 Inch, Android 16 Tablet, Gray | Octa-Core, 20GB RAM + 128GB ROM, 1TB Expandable, 90Hz IPS Touchscreen, 8800mAh, WiFi 6, BT 5.2, GPS, Dual Camera",967.01,74.79,280.46,686.55,244.79,0.18
تابلت للاطفال 7 انش، رباعي النواة اندرويد 12 2GB 32GB، تحكم ابوي، حماية العين، حافظة مضادة للصدمات، كاميرا مزدوجة، واي فاي، بلوتوث، تابلت تعليمي للاطفال - سبيس مان (ازرق),"Apple iPad Air 2 9.7-Inch, 32GB Tablet (Gold) (Renewed)",299.99,87.18,326.92,-26.94,-8.24,0.18
تابلت اندرويد من رويكياي، تابلت 7 انش مع معالج ثماني النواة، ذاكرة RAM 2GB + توسيع 32GB + 1TB، عمر بطارية طويل، واي فاي 2.4G/5G، بلوتوث، كاميرا مزدوجة، بلاي معتمد من جي ام اس,"Tablet Android 16 10 Inch 12GB RAM+64GB ROM/ 1TB Expandable, 1280 * 800 HD Touch Screen, 5G WiFi6 BT 5.0, 2 in 1 Tab with Keyboard Case Mouse Stylus (Pink)",198.1,62.99,236.21,-38.11,-16.13,0.18
لابتوب لينوفو 15.6 انش FHD، رايزن 3 حتى 3.50 GHz، RAM 8GB Ddr4 SSD NVME M.2 500GB HDMI، كاميرا ويب، واي فاي، ويندوز 10+ اوفيس 2019، كيبورد كويرتي ايطالي,Lenovo IdeaPad Slim 3 • 15.6&quot; FHD Business Laptop • AMD Ryzen 5 • 8GB RAM DDR5 • 256GB SSD • 2026 Edition • Windows 11,549.7,499.99,1874.96,-1325.26,-70.68,0.18
جوال نوثينج (3a) لايت 5G / 8 جيجابايت / 128 جيجابايت / 6.77 بوصة اموليد مرن LTPS/ كاميرا 50 ميجابكسل / 5000 ميلي امبير في الساعة / أسود,"Google Pixel 8 5G,US Version, 128 GB Obsidian - Unlocked (Renewed)",849.0,288.96,1083.6,-234.6,-21.65,0.18
جوال بوكو M7 برام 6 جيجا وسعة داخلية 128 جيجا، إصدار اللغة الإنجليزية، أسود,"Google Pixel 8 5G,US Version, 128 GB Obsidian - Unlocked (Renewed)",679.0,288.96,1083.6,-404.6,-37.34,0.18
A7 بدون كاميرا وبدون نظام تحديد المواقع، ذاكرة RAM 12GB (4GB + 8GB قابلة للتوسيع) روم 128GB، شاشة 6.67 انش HD+، شريحتين اتصال، بطارية 5000mAh، 4G، ان اف سي، اندرويد 16 - اسود كوزميك,"Apple iPhone 16, 128GB, Teal - Unlocked (Renewed)",869.0,558.25,2093.44,-1224.44,-58.49,0.18
حافظة حماية من بروكيس لآيباد إير 11 و10.9 إنش، غطاء مصنوع من TPU بلون سكاي أزرق | Pencil holder with trifold stand and soft TPU back for iPad Air 11&quot; M4/M3/M2 and 10.9&quot; 5th/4th Gen,"Logitech Combo Touch iPad Air 11 inch Keyboard Case - Midnight Black | Fits M2 M3 &amp; M4 models, compatible with 5th gen, features backlit keys, built-in kickstand for flexible viewing",56.99,199.99,749.96,-692.97,-92.4,0.18
تابلت للاطفال 7 انش، رباعي النواة اندرويد 12 2GB 32GB، تحكم ابوي، حماية العين، حافظة مضادة للصدمات، كاميرا مزدوجة، واي فاي، بلوتوث، تابلت تعليمي للاطفال - شنطة (اسود),"Apple iPad Air 2 9.7-Inch, 32GB Tablet (Gold) (Renewed)",249.99,87.18,326.92,-76.94,-23.53,0.18
برايتووم تابلت 10 انش اندرويد 10 بشريحة اتصال 3G 32GB رباعي النواة (TF 512GB) بطارية 6000mAh كاميرا خلفية 8MP يدعم مكالمات 3G وواي فاي ونظام تحديد المواقع وبلوتوث وUSB نوع C، اسود,"Apple iPad, 10.2-Inch, Wi-Fi, 32GB, Space Gray (Renewed)",357.11,99.0,371.25,-14.14,-3.81,0.18
تابلت للاطفال 7 انش، رباعي النواة اندرويد 12 2GB 32GB، تحكم ابوي، حماية العين، حافظة مضادة للصدمات، كاميرا مزدوجة، واي فاي، بلوتوث، تابلت تعليمي للاطفال - مونكي (زهري),"Apple iPad Air 2 9.7-Inch, 32GB Tablet (Gold) (Renewed)",309.99,87.18,326.92,-16.94,-5.18,0.18
تابلت 7 انش للاطفال مع حافظة صلبة، اندرويد 13، ذاكرة RAM 4GB، ذاكرة روم 32GB، واي فاي، بلوتوث، شاشة اي بي اس امنة لحماية العين، تحكم ابوي، كاميرا مزدوجة، تابلت للتعلم والالعاب للاولاد والبنات (ارجواني,"HOTTABLET Kids Tablet 7 inch Android, 4GB RAM 32GB ROM, 1TB Expandsion, with Parental Control, WiFi, Bluetooth, Dual Camera with Silicone Case, 1PCS (Blue)",209.0,40.99,153.71,55.29,35.97,0.18
تابلت اندرويد 7 انش من رويكياي، 2GB+32GB+1TB (توسيع)، رباعي النواة، بلوتوث، واي فاي، تعليمي، موسيقى، كاميرا مزدوجة,"Apple iPad Air 2 9.7-Inch, 32GB Tablet (Gold) (Renewed)",205.0,87.18,326.92,-121.93,-37.29,0.18
كريلاندر تابلت اندرويد 13 10.1 انش مع فتحة شريحة اتصال واتصال 4G LTE، 24GB + 128GB، بطارية 5000mAh، كاميرا مزدوجة، بلوتوث/واي فاي، حزمة مع حافظة واقية، كيبورد، ماوس وقلم ستايلس,"Apple 2019 iPad 10.2-inch, Wi-Fi, 128GB - Space Gray (Renewed)",480.01,145.0,543.75,-63.74,-11.72,0.18
تابلت للاطفال 7 انش، رباعي النواة اندرويد 12 2GB 32GB، تحكم ابوي، حماية العين، حافظة مضادة للصدمات، كاميرا مزدوجة، واي فاي، بلوتوث، تابلت تعليمي للاطفال - شنطة (ازرق),"Apple iPad Air 2 9.7-Inch, 32GB Tablet (Gold) (Renewed)",289.99,87.18,326.92,-36.94,-11.3,0.18
تابلت 10.1 بوصة، ذاكرة رام سعة 4 GB وذاكرة داخلية سعة 128 GB، معالج ثماني النواة، شاشة بدقة 1280×800 بخاصية IPS، تقنية واي فاي، جي بي إس، ثنائي شرائح الاتصال، غطاء من المعدن (ذهبي),"Tablet Android 16 10 Inch 12GB RAM+64GB ROM/ 1TB Expandable, 1280 * 800 HD Touch Screen, 5G WiFi6 BT 5.0, 2 in 1 Tab with Keyboard Case Mouse Stylus (Pink)",408.88,62.99,236.21,172.67,73.1,0.18
تابلت 10.1 بوصة، ذاكرة رام سعة 4 GB وذاكرة داخلية سعة 128 GB، معالج ثماني النواة، شاشة بدقة 1280×800 بخاصية IPS، تقنية واي فاي، جي بي إس، ثنائي شرائح الاتصال، غطاء من المعدن (أرجواني),"Tablet Android 16 10 Inch 12GB RAM+64GB ROM/ 1TB Expandable, 1280 * 800 HD Touch Screen, 5G WiFi6 BT 5.0, 2 in 1 Tab with Keyboard Case Mouse Stylus (Pink)",428.88,62.99,236.21,192.67,81.57,0.18
تابلت 10 بوصة مع لوحة مفاتيح 2 في 1 اندرويد 14 مع حافطة وماوس وقلم ستايلس وبطارية 6000 مللي امبير وذاكرة 8GB + GB64 جيجا قابلة للتوسيع حتى 1024GB وشاشة 10.1 بوصة وكاميرا مزدوجة وواي فاي وبلوتوث، بينك,"Apple iPad, 10.2-Inch, Wi-Fi, 32GB, Space Gray (Renewed)",367.25,99.0,371.25,-4.0,-1.08,0.18
"حافظة حماية من بروكيس للأجهزة اللوحية، بتصميم حافظة مصنوعة من البلاستيك الصلب باللون البنفسجي | Slim protective hard-back smart cover for iPad 10.2&quot; 9th/8th/7th Gen, released 2021/2020/2019","Apple 2019 iPad 7th Gen (10.2-inch, Wi-Fi, 32GB) Silver (Renewed)",46.99,101.97,382.39,-335.4,-87.71,0.17
"حافظة حماية من جيتك لآيباد إير 11 إنش و10.9 إنش، تصميم حافظة من TPU و PU باللون الكحلي | Cover for iPad Air 11&quot; (2026-2024) &amp; Air 5/4 10.9&quot; (2022/2020), Soft TPU, Pencil Holder, Tri-Fold Stand, Auto Wake","MoKo for iPad (A16) 11th Generation Case, iPad 10th Gen Case, Navy Blue | For iPad 11/10.9 Inch Case 2025/2022, Slim Stand Hard PC Translucent Back Shell Smart Cover,Support Touch ID,Auto Wake/Sleep ClimatePartner certified",62.99,9.95,37.31,25.68,68.82,0.17
تابلت لينوفو، 10 بوصة، لون لونا جراي، معالج ميديا تك® جي 85 أو سي 2.0 جيجاهرتز، ذاكرة عشوائية 4GB، سعة تخزين 128GB، واي فاي، بطارية 5100 مللي أمبير، رقم الطراز TB311FU، مع حافظة شفافة، ZAEH0045SA,"Apple 2019 iPad 10.2-inch, Wi-Fi, 128GB - Space Gray (Renewed)",699.0,145.0,543.75,155.25,28.55,0.17
تابلت بنظام اندرويد 11، مقاس 7 انش وذاكرة 32GB و2GB RAM وواي فاي وبلوتوث وبلون اسود,"Apple iPad Air 2 9.7-Inch, 32GB Tablet (Gold) (Renewed)",260.0,87.18,326.92,-66.93,-20.47,0.17
تابلت للاطفال 7 انش، رباعي النواة اندرويد 12 2GB 32GB، تحكم ابوي، حماية العين، حافظة مضادة للصدمات، كاميرا مزدوجة، واي فاي، بلوتوث، تابلت تعليمي للاطفال - K1 (ازرق),"Apple iPad Air 2 9.7-Inch, 32GB Tablet (Gold) (Renewed)",299.99,87.18,326.92,-26.94,-8.24,0.17
تابلت 10 بوصة 2 في 1 مع لوحة مفاتيح وفأرة وقلم وواقي شاشة، نظام اندرويد 12.0، RAM 6 جيجابايت وROM 32 جيجابايت، قابل للتوسيع حتى 1 تيرابايت وكاميرا مزدوجة 2+8MP، يدعم واي فاي 6 وبلوتوث,"2 in 1 Tablet 10 Inch Android 15 Tableta, Tablets with Keyboard Mouse Case Stylus, 8GB RAM 32GB ROM Supports 1TB Expansion, 2MP+8MP Dual Camera Quad Core Processor 6000mAh Battery 10.1 IN FHD Tab Pink",519.13,64.99,243.71,275.42,113.01,0.17
تابلت TB305FU بذاكرة رام 4 جيجابايت وتخزين 128 جيجابايت من لينوفو، لون لونا جراي,"Google Pixel 8 5G,US Version, 128 GB Obsidian - Unlocked (Renewed)",476.1,288.96,1083.6,-607.5,-56.06,0.17
شاشة تلفزيون 32 بوصة سمارت فل اتش دي نظام تشفيل اندوريد 12 اطار نحيف من SREEN,"Apple 2022 iPad Pro, 12.9-inch, 128GB - Space Gray (Renewed)",450.0,609.95,2287.31,-1837.31,-80.33,0.17
جوال بوكو C85 ثنائي شرائح الاتصال بذاكرة رام 6 جيجا وذاكرة داخلية 128 جيجابايت ويدعم تقنية 4G - إصدار دولي، أخضر,"Google Pixel 8 5G,US Version, 128 GB Obsidian - Unlocked (Renewed)",599.0,288.96,1083.6,-484.6,-44.72,0.17
جوال موتورولا G35 شبكة الجيل الخامس 5G، ذاكرة RAM 8+16 جيجابايت، شريحة اتصال PSIM + eSIM، ذاكرة روم 128 جيجابايت، يونيسوك T760، شاشة POLED 6.7 بوصة 120 هرتز، اندرويد 14، أسود ميدنايت,"Samsung Galaxy A17 5G A176 Dual Sim 4GB RAM 128GB - Black - 128, W129189135 (4GB RAM 128GB - Black - 128 GB)",849.0,204.5,766.88,82.12,10.71,0.17
جوال ريدمي نوت 15 شبكة الجيل الخامس 5G ثنائي شرائح الاتصال بذاكرة رام 8 جيجابايت وذاكرة داخلية 256 جيجابايت - النسخة العالمية,"Google Pixel 8 5G,US Version, 128 GB Obsidian - Unlocked (Renewed)",978.9,288.96,1083.6,-104.7,-9.66,0.17
تابلت 11 بوصة اندرويد 15 احدث تحديث 2025 128 جيجا ROM 16 جيجا RAM 4G LTE واي فاي 5G + شبكة خلوية، ثماني النواة MTK8786، كاميرا خلفية وأمامية 13+8 ميجابكسل، شاشة انسيل FHD، دعم شريحة اتصال تي موبايل,"Tablet 11 inch Android 16 Tablet 2026 Latest Update Octa-Core 128GB+20GB | 4G LTE Tablets, 5G WiFi+Cellular, T-Mobile SIM Card Support, 13+8MP Dual Camera Support, 1TB Expansion HD Touchscreen Tableta",734.0,125.98,472.42,261.58,55.37,0.17
هواوي موبايل ميت 10 برو (شريحة واحدة) 128 جيجابايت اندرويد 8.0 اصدار المملكة المتحدة بدون شريحة اتصال - رمادي تيتانيوم,"Google Pixel 8 5G,US Version, 128 GB Obsidian - Unlocked (Renewed)",823.0,288.96,1083.6,-260.6,-24.05,0.17
"Joso Wired One Ear Headset with Mic, Single Ear Headset for PS5/PS4/Xbox/Switch/PC/iPad/Mac &amp; Tablet with 3.5mm to Type C &amp; USB-A Adapter - Chat Headphone, Office Business, Coach, Gaming, Remote Work","MNN 15.6&quot; FHD 60Hz Portable Monitor USB-C HDMI IPS HDR Gaming Laptop | 15.6&quot; FHD IPS HDR, USB-C one-cable, PC/Mac/Phone/Switch, Smart Case,Laptop , low blue, work&amp;game",106.0,49.99,187.46,-81.46,-43.46,0.17
"واقي شاشة من جيه تك لآيباد ميني A17 برو (2024) مصنوع من الزجاج المقسى مضاد للتجسس ومقاوم للخدش | For 8.3&quot; 2024/2021 Model, Anti-Spy Privacy Protection, Tempered Glass","2024 Apple iPad Mini with A17 Pro Chip (8.3-inch, Wi-Fi + Cellular, 128GB) - Blue (Renewed)",69.99,588.65,2207.44,-2137.45,-96.83,0.17
"حافظة حماية من جيتك لآيباد إير 11 إنش و10.9 إنش، حافظة مصنوعة من PU-TPU-PC باللون الفضي | Cover for iPad Air 11&quot; (2026-2024) &amp; Air 5/4 10.9&quot; (2022/2020), Clear Back, Pencil Holder, Shockproof, Tri-Fold Stand","MoKo for iPad (A16) 11th Generation Case, iPad 10th Gen Case, Navy Blue | For iPad 11/10.9 Inch Case 2025/2022, Slim Stand Hard PC Translucent Back Shell Smart Cover,Support Touch ID,Auto Wake/Sleep ClimatePartner certified",69.99,9.95,37.31,32.68,87.58,0.17
تابلت للاطفال 7 انش، رباعي النواة اندرويد 12 2GB 32GB، تحكم ابوي، حماية العين، حافظة مضادة للصدمات، كاميرا مزدوجة، واي فاي، بلوتوث، تابلت تعليمي للاطفال - K4 (ازرق),"Apple iPad Air 2 9.7-Inch, 32GB Tablet (Gold) (Renewed)",299.99,87.18,326.92,-26.94,-8.24,0.17
تابلت للاطفال 7 انش اندرويد 13، ذاكرة RAM 6GB وروم 256GB، مع بطارية 3000mAh وقلم لمس، كاميرا مزدوجة 2MP+5MP، واي فاي 5G، تطبيقات تعليمية، تابلت للاطفال مع حافظة واقية (زهري),"Apple 2024 iPad Air 13-inch, Wi-Fi, 256GB - Purple (Renewed)",197.99,771.4,2892.75,-2694.76,-93.16,0.17
تابلت للاطفال 7 انش، رباعي النواة اندرويد 12 2GB 32GB، تحكم ابوي، حماية العين، حافظة مضادة للصدمات، كاميرا مزدوجة، واي فاي، بلوتوث، تابلت تعليمي للاطفال - C8 (اخضر),"Apple iPad Air 2 9.7-Inch, 32GB Tablet (Gold) (Renewed)",259.99,87.18,326.92,-66.94,-20.47,0.17
تابلت اندرويد AGM PAD P2 Active 2025 مقاوم للماء للأماكن الخارجية، 16(8+8) GB +256GB، 10.95 بوصة FHD، 50MP+8MP، ثنائي شرائح الاتصال 4G LTE/5G Hz WiFi/GPS/OTG/IP69K/كومباس/وايدفاين L1/هيليو G99,"10 inch Tablet with Keyboard - Android 16 Tablet with 24GB+256GB+2TB Expand | 2026 Gemini AI Tablet PC with 8-Core, 5G WiFi, 8000mAh, GMS, GPS, 2-in-1 Electronic Tablet with Case, Mouse, Stylus (Black)",999.0,129.99,487.46,511.54,104.94,0.16
موتورولا G06 4G، 4+8GB RAM بوست، ذاكرة روم 128GB، ام تي كيه هيليو G81 اكستريم، شاشة 6.9 انش فائقة الدقة 120 هرتز، اندرويد 15، بانتون تيندريل,"Motorola Moto Razr 40 5G 2023, 128GB + 8GB RAM, Sage Green - Unlocked (Renewed)",449.0,224.97,843.64,-394.64,-46.78,0.16
جوال موتو G37 5G ورام 4+8 جيجابايت تخزين 128 جيجابايت وكاميرا 50 ميجابكسل بشاشة 6.67 بوصة 120 هرتز بطارية 5100 ميلّي امبير معالج ديمنستي 6300 وزجاج غوريلا جلاس 7i من موتورولا، لون أحمر (PANTONE),"Google Pixel 8 5G,US Version, 128 GB Obsidian - Unlocked (Renewed)",690.0,288.96,1083.6,-393.6,-36.32,0.16
ايه جي ام هاتف ذكي متين 4G من اتش ماكس، اندرويد 14، 4GB+128GB، 10000mAh | شاشة 16.66 سم HD+ | IP68|IP69K|خاصية التعرف على الوجه| شريحتين اتصال|ان اف سي| هاتف خارجي,"HP 14 Laptop, Intel N150, 4GB DDR5 RAM, 128GB SSD, Windows 11",629.0,299.99,1124.96,-495.96,-44.09,0.16
"جوال ريدمي 15 شبكة الجيل الخامس 5G ثنائي شرائح الاتصال 8 جيجابايت وذاكرة داخلية 256 جيجابايت - إصدار عالمي، لون تيتان جراي | Immersive 6.9” FHD+ Display, 50MP AI Dual Camera System - Global Version",BLU Bold N4 5G | Unlocked | 6.78” Curved Display + 1.74” Rear Display | 50MP + 16MP Selfie | 512/8GB I NFC I Android 15 | US Version | US Warranty | White,849.99,324.99,1218.71,-368.72,-30.26,0.16
كريلاندر تابلت اندرويد 16 8.7 انش، 16 (3+3+10) GB + 128GB مع شاشة داخلية 1340×800، كاميرا 5MP + 13MP، بطارية 5000mAh، بلوتوث/واي فاي، تابلت اندرويد صغير مع واقي,"Tablet Android 16 10 Inch 12GB RAM+64GB ROM/ 1TB Expandable, 1280 * 800 HD Touch Screen, 5G WiFi6 BT 5.0, 2 in 1 Tab with Keyboard Case Mouse Stylus (Pink)",327.61,62.99,236.21,91.4,38.69,0.16
ايه جي ام تابلت باد T2 اندرويد 14، شاشة FHD 1920x1200، ذاكرة RAM 4GB، روم 256GB (TF 512GB)، نظام تحديد المواقع/نوع C/بطارية 8000mAh، ثنائي شرائح الاتصال 4G LTE/5G Hz واي فاي/التعرف على الوجه,Samsung Straight Talk Galaxy A16 5G SM-S166V 128GB 4GB RAM Blue 6.7&quot; FHD+ Super AMOLED Android 14 Triple Rear Camera 5G Smartphone,506.0,95.0,356.25,149.75,42.04,0.16
تابلت ذكي سي ايديا 10 انش CM8800 بلس بنظام اندرويد 13 للاطفال، يدعم كيبورد وماوس بدون اسلاك، ثنائي شرائح الاتصال 5G LTE واي فاي، يدعم زووم وتيك توك مع سماعات اذن ومكبر صوت بلوتوث صغير (اسود),Samsung Galaxy Tab Active5 Pro 10.1&quot; SM-X356B 128GB 6GB Factory Unlocked WiFi + 5G LTE Cellular Rugged Tablet - International Version (Green),309.0,699.5,2623.12,-2314.12,-88.22,0.16
تابلت اندرويد 10 بوصة من فيليبس، رام 4 جيجابايت وذاكرة ROM 128 جيجابايت قابلة للتوسيع 1 تيرابايت، معالج ثماني النواة، بطارية 5000 مللي امبير في الساعة، واي فاي 6، كاميرا مزدوجة، شاشة HD، رمادي (LTE),"Apple iPad, 10.2-Inch, Wi-Fi, 32GB, Space Gray (Renewed)",529.0,99.0,371.25,157.75,42.49,0.16
جوال ذكي XS24-Pro 3G ميني، شاشة 3 بوصة ورام 2 جيجابايت وروم 16 جيجابايت وبطارية بسعة 900 مللي أمبير واندرويد 9 وثنائي شرائح الاتصال وخاصية التعرف على الوجه وكاميرا مزدوجة وواي فاي وبلوتوث من سويز,"Apple iPad Air 2, 16 GB, Space Gray (Renewed)",293.67,71.0,266.25,27.42,10.3,0.15
تابلت تابوي اندرويد 16 مع كيبورد، ذاكرة رام 24 جيجابايت، ذاكرة روم 256 | تابلت للأعمال التجارية، ثماني النواة، جيميناي ايه اي، شاشة 10 انش للعناية بالعين، وايدفاين ال 1، التعرف على الوجه، نظام تحديد,"Apple iPad Air 2, 16 GB, Space Gray (Renewed)",549.99,71.0,266.25,283.74,106.57,0.15
تابلت اندرويد 16 مقاس 11 انش، ثماني النواة، ذاكرة رام 28 جيجا، ذاكرة روم | تابلت اندرويد 16 11 انش، ثماني النواة، وايدفاين ال 1، بطارية 8000mAh، واي فاي مزدوج، جي بي اس، اف ام، كاميرات 5/8 ميجابكسل,"Apple iPad Air 2, 16 GB, Space Gray (Renewed)",471.48,71.0,266.25,205.23,77.08,0.15
تابلت كتابة LCD مقاس 13.5 بوصة (إصدار ملون) ضربات فرشاة نابضة بالحياة من شاومي | شاشة شفافة بنقرة واحدة | قلم مغناطيسي | خفيف الوزن ومحمول | خالي من الغبار والحبر | عمر بطارية طويل,"Apple 2024 iPad Air 13-inch, Wi-Fi, 256GB - Purple (Renewed)",69.0,771.4,2892.75,-2823.75,-97.61,0.15
